﻿StoreName,PharmacyId,Address1,Address2,City,State,ZipCode,PrimaryPhone,PrimaryPhoneType,PrimaryFax,ServiceLevel,ServiceLevelDecoded,Latitude,Longitude,NCPDPID,Operates in states,Sources
Walgreens Mail Service,1492,8350 S RIVER PKWY,,TEMPE,AZ,85284-2615,8003451036,Work,8003329581,2051,"EPCS, NewRx",33.340759,-111.89904,320793,Nationwide,https://www.walgreens.com/rx-settings/home-delivery-pharmacy
CVS Caremark MAILSERVICE Pharmacy,1555,One Great Valley Blvd,,Wilkes-Barre,PA,18706,8778647744,Work,8003780323,2071,"Cancel, Change, EPCS, NewRx",41.208752,-75.943313,322038,Nationwide,"https://www.caremark.com/wps/portal/HEALTH_PRO_MAIL_SVC_INFO
https://www.caremark.com/portal/asset/state_of_tn_caremark_FAQ.pdf
https://cms.illinois.gov/benefits/college/cvs-caremark-cip.html"
CenterWell Pharmacy Mail Delivery,1996,9843 Windisch Rd,,West Chester,OH,45069,8009679830,Work,8772105324,2071,"Cancel, Change, EPCS, NewRx",39.307478,-84.434208,353108,Nationwide,https://www.humana.com/pharmacy/humana-mail-order-pharmacy
Golden Gate Pharmacy,3552,8 Digital Drive #200,,Novato,CA,94949,4154559042,Work,4154559318,2071,"Cancel, Change, EPCS, NewRx",38.069761,-122.533998,518564,"Arizona, Colorado, Connecticut, Delaware, Florida, Georgia, Hawaii, Idaho, Maine, Maryland, Massachusetts, Minnesota, Mississippi, Missouri, Montana, Nevada, New Hampshire, New Mexico, New York, North Carolina, North Dakota, Ohio, Oregon, Pennsylvania, Rhode Island, South Dakota, Utah, Vermont, Washington, Wisconsin, Wyoming",https://ggprx.com/colibri-wp/
OptumRx Mail Service (Optum Home De,4652,2858 Loker Ave East,Suite 100,Carlsbad,CA,92010-6666,8007917658,Work,8004917997,2071,"Cancel, Change, EPCS, NewRx",33.132137,-117.246685,556540,Nationwide,"https://professionals.optumrx.com/content/dam/optum3/professional-optumrx/resources/pdfs/Successfully_Submitting_a_Prescription_to_OptumRx.pdf
https://professionals.optumrx.com/content/dam/optum3/professional-optumrx/resources/pdfs/ORX_HD_Patient_Expectation_Sheet-FINAL.pdf"
WALGREENS #02445,8089,8337 SOUTHPARK CIR,PO BOX 628001,ORLANDO,FL,32819-9049,8003451036,Work,8003329581,2051,"EPCS, NewRx",28.442497,-81.417902,1006899,Nationwide,https://www.walgreens.com/rx-settings/home-delivery-pharmacy
"AcariaHealth #26, Inc",8633,8715 Henderson Road,,TAMPA,FL,33634,8005115144,Work,8775411503,2051,"EPCS, NewRx",28.032444,-82.547771,1025750,Nationwide,https://www.acariahealth.com/content/dam/centene/acariahealth/resources/specialty-resources/AcariaHealth%20Overview.pdf
ADVENTHEALTH RX PLUS PHARMACY - MAI,10928,5050 Wesley Road Suite 110,,Apopka,FL,32712,8669434535,Work,4078058545,2067,"Cancel, EPCS, NewRx",28.716111,-81.594006,1086671,Nationwide,"https://www.adventhealth.com/adventhealth-pharmacy-central-florida
https://www.adventhealth.com/pharmacy/adventhealth-rx-plus-pharmacy/contact"
"Curant Health Georgia, LLC",12801,"200 Technology Ct SE, Suite B",,Smyrna,GA,30082,8664378040,Work,8664378411,2079,"Cancel, Change, EPCS, NewRx, RxFill",33.824943,-84.498845,1147885,Georgia,"https://curanthealth.com/aboutus/
https://pharmacyfinder.rxlocal.com/pharmacyfinder/ga/smyrna/curant-health-georgia-llc"
BioPlus Specialty Pharmacy - NOLA,20058,2731 Manhattan Blvd,Ste B17,Harvey,LA,70058-6154,8883554191,Work,8883554192,2071,"Cancel, Change, EPCS, NewRx",29.872634,-90.04695,1933666,Nationwide,"https://blog.bioplusrx.com/resources/the-bioplus-family-is-growing
https://www.krogerspecialtypharmacy.com/"
FREEDOM FERTILITY PHCY,21909,374 Merrimac St.,,Newburyport,MA,1950,8006604283,Work,8886604283,2071,"Cancel, Change, EPCS, NewRx",42.824354,-70.888926,2233916,Nationwide,https://thedose.cignabigpicture.com/sites/thedose/assets/File/June-2019/920270_Freedom_Fertility_flyer_FINAL.pdf
Injured Workers Pharmacy,22208,300 Federal St,,Andover,MA,1810,8883217945,Work,8004974276,2071,"Cancel, Change, EPCS, NewRx",42.685477,-71.202316,2238877,Nationwide,"https://www.iwpharmacy.com/our-pharmacy
https://www.justice.gov/usao-ma/file/1302301/dl?inline"
PHARMACY ADVANTAGE MAIL ORDER #320,24549,1191 South Blvd E,,Rochester Hills,MI,48307,8004562112,Work,2483589335,2071,"Cancel, Change, EPCS, NewRx",42.624303,-83.108272,2370954,All states except Arkansas and Idaho,https://www.henryford.com/services/pharmacy/pharmacy-advantage-specialty-pharmacy/faq
EXPRESS SCRIPTS HOME DELIVERY,26733,4600 North Hanley Road,,St. Louis,MO,63134,8883279791,Work,8008370959,2071,"Cancel, Change, EPCS, NewRx",38.72455,-90.315286,2623735,Nationwide,https://militaryrx.express-scripts.com/tricare-home-delivery
Ridgeway Mailorder Pharmacy,27588,2824 US Hwy 93 North,,Victor,MT,59875,4066426040,Work,4066426050,2067,"Cancel, EPCS, NewRx",46.44708,-114.133863,2706488,Nationwide,https://ridgeway.pharmacy/
OnePoint Patient Care-Las Vegas NV,28206,444 E. Warm Springs Road,SUITE 112,LAS VEGAS,NV,89119,7027774900,Work,7027774902,2079,"Cancel, Change, EPCS, NewRx, RxFill",36.057092,-115.153099,2972897,"Alabama, Arizona, Arkansas, California, Colorado, Connecticut, Delaware, Florida, Georgia, Hawaii, Idaho, Illinois, Indiana, Iowa, Kansas, Kentucky, Louisiana, Maine, Maryland, Massachusetts, Michigan, Minnesota, Missouri, Montana, Nebraska, Nevada, New Hampshire, New Jersey, New Mexico, New York, North Carolina, Ohio, Oklahoma, Oregon, Pennsylvania, Rhode Island, South Carolina, South Dakota, Tennessee, Texas, Utah, Virginia, Washington, West Virginia, Wisconsin",https://www.oppc.com/locations/
PROACT PHARMACY SERVICES,32332,1226 US HWY 11,,Gouverneur,NY,13642,8662879885,Work,3152873330,2071,"Cancel, Change, EPCS, NewRx",44.324651,-75.480481,3335468,Nationwide,https://secure.proactrx.com/partners/about/
Harness Health - Home Delivery,38220,"7160 Industrial Row Drive, Suite 33",,Mason,OH,45040,8667755767,Work,8442108375,2071,"Cancel, Change, EPCS, NewRx",39.346,-84.3172,3667497,Information not available in provided sources,https://www.harnessrx.com/specialty-pharmacy-locations/
Exactcare Pharmacy-OH,38877,8333 Rockside Road,,Valley View,OH,44125,2163692200,Work,2163692201,2079,"Cancel, Change, EPCS, NewRx, RxFill",41.394078,-81.62545,3678010,Nationwide,"https://www.exactcarepharmacy.com/about-exactcare/
https://www.exactcarepharmacy.com/"
CCF HOME DELIVERY,38904,3175 Science Park Dr.,AC4b-100,Beachwood,OH,44122,8552760885,Work,2164485603,2051,"EPCS, NewRx",41.470017,-81.490874,3678440,Ohio,"https://my.clevelandclinic.org/departments/pharmacy/locations
https://my.clevelandclinic.org/departments/pharmacy/services/pharmacy"
POSTAL RX SERVICES PHARMACY,40059,3500 SE 26TH AVE,,PORTLAND,OR,97202,8005526694,Work,8007239023,2067,"Cancel, EPCS, NewRx",45.497645,-122.639157,3812674,"Alabama, Arkansas, Georgia, Illinois, Indiana, Kentucky, Louisiana, Michigan, Mississippi, Missouri, Ohio, South Carolina, Tennessee, Texas, Virginia, West Virginia",https://www.ppsrx.com/stores/pharmacy
RxDN,41682,8848 FRANKFORD AVENUE,,PHILADELPHIA,PA,19136,8008008769,Work,2157852923,2079,"Cancel, Change, EPCS, NewRx, RxFill",40.050457,-75.010544,3967873,California,"https://kingscrowd.com/rx-delivered-now-on-republic-2021/
https://republic.com/rx-delivered-now-2021"
SelectRx PA,41965,3950 Brodhead Rd Ste 100,,Monaca,PA,15061-3030,8778369925,Work,8664186337,2079,"Cancel, Change, EPCS, NewRx, RxFill",40.680975,-80.299703,3974145,All states except Arkansas and Oklahoma,https://www.selectrx.com/locations
GEISINGER SPECIALTY PHARMACY,42053,620 Baltimore Drive,,Wilkes Barre,PA,18702,8007570389,Work,5702084726,2067,"Cancel, EPCS, NewRx",41.252256,-75.805282,3976149,"Arizona, Connecticut, Delaware, Florida, Georgia, Indiana, Maine, Minnesota, New Hampshire, New Jersey, New York, North Carolina, Ohio, Pennsylvania, South Carolina, Vermont, Wisconsin",https://www.geisinger.org/pharmacy/locations/geisinger-specialty-pharmacy
MedVantx,44741,2503 E 54th St N.,,Sioux Falls,SD,57104,8667440621,Work,8888688660,2051,"EPCS, NewRx",43.58971,-96.70343,4351968,Nationwide,https://medvantx.com/frequently-asked-questions-answered-by-medvantx/
Walmart Mail Order Pharmacy,46159,1025 WEST TRINITY MILLS,Mail Order pharmacy,CARROLLTON,TX,75006,8002733455,Work,8004068976,2055,"Change, EPCS, NewRx",32.981407,-96.91225,4500369,Nationwide,https://www.co.door.wi.gov/DocumentCenter/View/8585/Walmart-Mail-Order-Pharmacy-FAQs
"Senderra Rx Partners, LLC",48530,3712 E PLANO PKWY,Ste 200,Plano,TX,75074-2498,8887775547,Work,8887775645,2079,"Cancel, Change, EPCS, NewRx, RxFill",33.0275,-96.6824,4554463,Nationwide,"https://www.senderrarx.com/contact-us
https://www.senderrarx.com/"
Costco Mail Order Pharmacy 1748,52734,6801 Seaway Blvd,,Everett,WA,98203-5833,8006076861,Work,8006330334,2055,"Change, EPCS, NewRx",47.935174,-122.265445,4931918,Nationwide,https://www.costco.com/wcsstore/CostcoUSBCCatalogAssetStore/rx/WebPatientBrochure.pdf
ADVOCATE AURORA MAIL ORDER/SPECIALT,54277,N93W14575 Whittaker Way,,Menomonee Falls,WI,53051,8774090148,Work,2622533001,2067,"Cancel, EPCS, NewRx",43.18767,-88.091156,5132357,All states except Arkansas and California,https://apps.aurora.org/apsr/nonPortalRequest/mailOrderPharmacy
Costco Mail Order Pharmacy 562,55794,215 Deininger Cir,,Corona,CA,92880-1707,8006076861,Work,8885454615,2055,"Change, EPCS, NewRx",33.886426,-117.596664,5633753,Nationwide,https://www.costco.com/wcsstore/CostcoUSBCCatalogAssetStore/rx/WebPatientBrochure.pdf
MANIFEST PHARMACY,56370,1018 S Batesville Rd,Ste 4A,Greer,SC,29650-5203,8887704009,Work,8662269133,2071,"Cancel, Change, EPCS, NewRx",34.869996,-82.249671,4229919,Nationwide,https://manifestpharmacy.com/pages/contact
HealthDyne Pharmacy,56387,500 Eagles Landing Drive,,Lakeland,FL,33810,8004067500,Work,8888303608,2051,"EPCS, NewRx",28.043786,-82.054464,1035371,Nationwide,https://www.healthdyne.com/landing-page-pharmacy-outsourcing/
Prescription Mart,56577,4144 Dowlen Road,,Beaumont,TX,77706,8007131230,Work,4098661317,2071,"Cancel, Change, EPCS, NewRx",30.119951,-94.163444,4510269,Nationwide,"https://www.prescriptionmartpharmacy.com/mail-order-faqs
https://www.prescriptionmartpharmacy.com/mail-order-services"
CVS SPECIALTY Monroeville,56749,105 Mall Boulevard,,Monroeville,PA,15146,8002387828,Work,8772877226,2071,"Cancel, Change, EPCS, NewRx",40.431316,-79.792003,3958898,Nationwide,"https://www.cvsspecialty.com/manage-prescriptions/refill-medication.html
https://www.cvsspecialty.com/hcp/prescription-referral-options.html"
CVS SPECIALTY PuertoRico,56750,6020 AVE ROBERTO SANCHEZ VILELLA,,CAROLINA,PR,00982-3707,8882801190,Work,8882801191,2071,"Cancel, Change, EPCS, NewRx",18.41665,-65.985413,4026325,Nationwide,https://www.cvsspecialty.com/manage-prescriptions/refill-medication.html
MedOne Pharmacy Services,56786,1580 University Ave,,Dubuque,IA,52001,8778960919,Work,5635880173,2079,"Cancel, Change, EPCS, NewRx, RxFill",42.497964,-90.686953,1623708,Nationwide,https://medone-rx.com/our-company
Fairview Mail/Specialty Pharmacy,56924,711 Kasota Ave SE,,Minneapolis,MN,55414-2842,6126725261,Work,8663474939,2067,"Cancel, EPCS, NewRx",44.982211,-93.215324,2423337,Nationwide,https://specialtypharmacy.fairview.org/
Fairview Compounding Pharmacy,56930,711 Kasota Ave SE,,Minneapolis,MN,55414,6126725737,Work,8663427647,2051,"EPCS, NewRx",44.982211,-93.215324,2425886,Nationwide,"https://www.fairview.org/pharmacy
https://www.fairview.org/pharmacy/Compounding-Pharmacy"
CarePlus (CVS Specialty) #2909,56987,1521 4th Avenue South,,Birmingham,AL,35233,8005988053,Work,8003177985,2071,"Cancel, Change, EPCS, NewRx",33.505958,-86.80837,126119,Alabama,https://www.cvsspecialty.com/hcp/prescription-referral-options.html
CarePlus (CVS Specialty) #2915,56991,"3375 Koapaka Street, Suite D105",,Honolulu,HI,96819,8008961464,Work,8772325455,2071,"Cancel, Change, EPCS, NewRx",21.335996,-157.917753,1203417,Hawaii,https://www.cvsspecialty.com/hcp/prescription-referral-options.html
CarePlus (CVS Specialty) #2923,57002,3250 Harden Street Extension,Suite 300,Columbia,SC,29203,8006192531,Work,8002406125,2071,"Cancel, Change, EPCS, NewRx",34.025644,-81.030202,4219285,South Carolina,https://www.cvsspecialty.com/hcp/prescription-referral-options.html
CVS SPECIALTY Pharmacy,57074,800 Biermann Court,Suite B,Mount Prospect,IL,60056,8774089742,Work,8774089743,2071,"Cancel, Change, EPCS, NewRx",42.079718,-87.923924,1466033,Nationwide,"https://www.cvsspecialty.com/hcp/prescription-referral-options.html
https://npiregistry.cms.hhs.gov/provider-view/1134100134"
Accredo,57906,1620 Century Center Parkway,,Memphis,TN,38134,8445163319,Work,8883021028,2067,"Cancel, EPCS, NewRx",35.170518,-89.845687,4436920,Nationwide,https://www.accredo.com/prescribers/patient-services
CCHS MAIL ORDER PHARMACY,57926,200 HYGEIA DR,,NEWARK,DE,19718,3023206760,Work,3023206769,2071,"Cancel, Change, EPCS, NewRx",39.69242,-75.674891,845226,"Delaware, Maryland, New Jersey, Pennsylvania",https://christianacare.org/us/en/care/specialty-care/pharmacy
Birdi (Home Delivery) Michigan,59104,43811 Plymouth Oaks Blvd,,Plymouth,MI,48170,8772691159,Work,8773954836,2051,"EPCS, NewRx",42.38715,-83.470732,2372528,Nationwide,"https://www.birdirx.com/
https://www.birdirx.com/mail-order"
Presbyterian Specialty Care Phcy,60271,4580 Paradise Blvd. NW,,Albuquerque,NM,87114,5058238800,Work,8662480801,2055,"Change, EPCS, NewRx",35.182565,-106.673164,3212153,New Mexico,"https://www.phs.org/
https://www.phs.org/tools-resources/member/php-directory"
"America's Best Care Plus, Inc.",62536,1825 Everett Dr. West,,Fort Payne,AL,35968,8006386305,Work,8006380294,2071,"Cancel, Change, EPCS, NewRx",34.46447,-85.72729,128050,Nationwide,"https://americasbestcareplus.com/contact-us/
https://americasbestcareplus.com/"
Healthwarehouse.com,62546,7107 Industrial Road,,Florence,KY,41042,8007487001,Work,8888702808,2071,"Cancel, Change, EPCS, NewRx",38.978838,-84.613473,1832674,Nationwide,https://www.healthwarehouse.com/about-healthwarehouse
HHI Infusion Services,62632,"901 McClintock Dr, Suite 106",,Burr Ridge,IL,60527,6309864390,Work,6309865673,2071,"Cancel, Change, EPCS, NewRx",41.75437,-87.90713,1466261,Illinois,http://hhiinfusionservices.com/contact-us
BioPlus Specialty Pharmacy - Lake M,63292,3200 Lake Emma Road,Suite 1000,LAKE MARY,FL,32746,8557333126,Work,8883153270,2071,"Cancel, Change, EPCS, NewRx",28.744187,-81.361013,1089526,Nationwide,"https://bioplusrx.com/patients/
https://www.krogerspecialtypharmacy.com/"
MAYO CLINIC PHARMACY SPECIALTY,67758,3551 COMMERCIAL DR SW,,ROCHESTER,MN,55902,8003373736,Work,8668291032,2067,"Cancel, EPCS, NewRx",43.970183,-92.46531,2430229,Minnesota,https://www.mayoclinic.org/patient-visitor-guide/minnesota/pharmacy-services
"Pharmacy Solutions, an AbbVie Co",68345,1 North Waukegan Road,,North Chicago,IL,60064,8888570668,Work,8002662065,2051,"EPCS, NewRx",42.321,-87.8605,1466653,Nationwide,"https://www.abbvie.com/patients/products.html
https://www.abbvie.com/contact-center/locations/united-states.html"
Assisted Living Pharmacy Services,68821,W133 N5138 CAMPBELL DRIVE,,Menomonee Falls,WI,53051,4144331700,Work,4144331730,2055,"Change, EPCS, NewRx",43.11082,-88.077435,5127774,Wisconsin,https://alpsrx.com/
Depot Drug-Salt Lake City,69346,1040 N 2200 W,Ste 200,Salt Lake City,UT,84116-2929,8003316353,Work,8015954440,2071,"Cancel, Change, EPCS, NewRx",40.79182,-111.952988,4602745,Nationwide,https://depotdrug.com/healthcare-providers/
CenterWell Specialty Pharmacy,69404,9843 Windisch Rd,,West Chester,OH,45069,8004862668,Work,8774057940,2067,"Cancel, EPCS, NewRx",39.307478,-84.434208,3677955,Nationwide,"https://provider.humana.com/pharmacy-resources/tools/centerwell-pharmacy
https://www.centerwellpharmacy.com/specialty.html"
Aetna Rx Home Delivery,69650,1600 SW 80th Terrace,2nd Floor,Plantation,FL,33324,8006416444,Work,8772703317,2071,"Cancel, Change, EPCS, NewRx",26.102417,-80.255411,1014202,Nationwide,https://www.aetna.com/individuals-families/pharmacy/rx-home-delivery.html
DIRX INC,69880,3540 NW 56TH ST. SUITE 204,,FT LAUDERDALE,FL,33309,8773673479,Work,8333479329,2079,"Cancel, Change, EPCS, NewRx, RxFill",26.195,-80.1971,5707801,Nationwide,"https://www.dirxhealth.com/
https://www.dirxhealth.com/our-mission"
CPN MAIL ORDER PHARMACY,69950,2307 S. GORDON COOPER DR,,SHAWNEE,OK,74801,8669005236,Work,4052141122,2067,"Cancel, EPCS, NewRx",35.292767,-96.924166,3724502,Oklahoma,"https://cpngc.org/contact-us/
https://www.potawatomi.org/services/health/clinics/"
Neovance Specialty Pharmacy LLC,70643,100 Technology Park,Ste 158,Lake Mary,FL,32746-6205,8668422147,Work,8668421509,2055,"Change, EPCS, NewRx",28.73876,-81.359639,1046300,Nationwide,"https://www.neovance.com/
https://www.neovance.com/solutions/non-commercial-specialty-pharmacy/"
Sav-Rx Prescription Services,71017,1855 N Airport Rd,,Fremont,NE,68025,8002283108,Work,4027532890,2071,"Cancel, Change, EPCS, NewRx",41.447603,-96.512066,2817926,Nationwide,https://api.savrx.com/?Link=about_us
BIOSCRIP INFUSION SERVICES DUBLIN,71099,5700 PERIMETER DR,STE B,DUBLIN,OH,43017,8774100132,Work,8552652342,2071,"Cancel, Change, EPCS, NewRx",40.103451,-83.143446,3653157,Nationwide,https://www.optioncarehealth.com/ https://www.optioncarehealth.com/our-services/
Elixir Mail Powered by Birdi,71102,7835 Freedom Avenue NW,,North Canton,OH,44720,8669095170,Work,8669095171,2051,"EPCS, NewRx",40.894522,-81.429488,3677361,Nationwide,https://www.birdirx.com/about
Alliance Meds (Work Comp Only),71174,88 Mahanoy Ave,,Tamaqua,PA,18252,8669298500,Work,5706688825,2071,"Cancel, Change, EPCS, NewRx",40.82236,-75.988277,3997319,"Alabama, Connecticut, Delaware, Florida, Georgia, Illinois, Indiana, Kentucky, Louisiana, Maryland, Massachusetts, Mississippi, New Hampshire, New Jersey, New York, North Carolina, Ohio, Pennsylvania, Rhode Island, South Carolina, Tennessee, Vermont, Virginia, West Virginia",https://www.alliancemeds.com/areas-we-serve/
Kaiser Perm WA Mail Order Pharmacy,71369,2921 Naches Ave SW,,Renton,WA,98057,2066307979,Work,8003501683,2051,"EPCS, NewRx",47.45644,-122.237661,4932403,"Alabama, Alaska, Arizona, California, Colorado, Connecticut, Delaware, District of Columbia, Florida, Georgia, Hawaii, Idaho, Illinois, Indiana, Iowa, Kentucky, Maine, Maryland, Massachusetts, Michigan, Minnesota, Mississippi, Missouri, Montana, Nevada, New Hampshire, New Jersey, New Mexico, New York, North Dakota, Ohio, Oregon, Pennsylvania, Rhode Island, South Dakota, Tennessee, Texas, Utah, Vermont, Virginia, Washington, West Virginia, Wisconsin, Wyoming",https://healthy.kaiserpermanente.org/washington/learn/pharmacy/prescription-delivery
WEGMANS MAIL ORDER #199,72036,"2873 Broadway St, Ste 100",,Cheektowaga,NY,14227-1036,8009344797,Work,8662427239,2071,"Cancel, Change, EPCS, NewRx",42.902395,-78.76662,5804819,Nationwide,https://www.wegmans.com/service/faq/pharmacy/
MAYO CLINIC PHARMACY MAILORDER,72162,3551 COMMERCIAL DR SW,,ROCHESTER,MN,55902,8004456326,Work,5072845824,2067,"Cancel, EPCS, NewRx",43.970183,-92.46531,2417904,Nationwide,https://www.mayoclinic.org/patient-visitor-guide/minnesota/billing-insurance/insurance/prescriptions-and-pharmacy-services
Eagle Pharmacy,72444,350 Eagles Landing Dr,,Lakeland,FL,33810,8557482663,Work,8772839171,2067,"Cancel, EPCS, NewRx",28.059573,-82.0148,5711975,Nationwide,https://www.eaglepharmacy.com/
"Specialty Therapeutic Care, LP",72477,"6610 W Sam Houston Pkwy N, Suite 330",,Houston,TX,77041,8665062626,Work,8665052626,2051,"EPCS, NewRx",29.86591,-95.56339,4535792,"Arkansas, California, Colorado, Connecticut, Florida, Georgia, Illinois, Indiana, Kansas, Kentucky, Louisiana, Maryland, Massachusetts, Michigan, Minnesota, Mississippi, Missouri, Nebraska, Nevada, New Jersey, New Mexico, New York, North Carolina, Ohio, Oklahoma, Oregon, Pennsylvania, South Carolina, Tennessee, Texas, This list is not exhaustive. Licensed in 40+ states: Arizona, Virginia, Washington, West Virginia, Wisconsin",https://ameripharma.us/about-us/
Intermountain Home Delivery Phcy,72944,"7268 S Bingham Junction Blvd, Ste B1",,Midvale,UT,84047-4860,8557793960,Work,8014424179,2071,"Cancel, Change, EPCS, NewRx",40.61421,-111.91398,4612378,"Alabama, Alaska, Arizona, California, Colorado, Connecticut, Delaware, Florida, Georgia, Hawaii, Idaho, Illinois, Indiana, Iowa, Kansas, Kentucky, Louisiana, Maine, Maryland, Massachusetts, Michigan, Minnesota, Mississippi, Missouri, Montana, Nebraska, Nevada, New Hampshire, New Jersey, New Mexico, New York, North Carolina, North Dakota, Ohio, Oklahoma, Oregon, Pennsylvania, Rhode Island, South Carolina, South Dakota, Tennessee, Texas, Utah, Vermont, Virginia, Washington, West Virginia, Wisconsin, Wyoming",https://intermountainhealthcare.org/services/pharmacy/home-delivery/
Mercalis,72965,"2250 Perimeter Park Dr, Ste 300",,Morrisville,NC,27560-8893,9198450774,Work,8339590085,2079,"Cancel, Change, EPCS, NewRx, RxFill",35.851662,-78.831723,3441021,Nationwide,https://www.mercalis.com/
NOBLE HEALTH SERVICES INC (SYRACUSE,73293,6040 Tarbell Rd,,Syracuse,NY,13206,8888432040,Work,8888423977,2071,"Cancel, Change, EPCS, NewRx",43.089494,-76.100755,5806457,Nationwide,https://www.noblehealthservices.com/
EZ SCRIPTS,73480,"24340 SPERRY DRIVE, SECOND FLOOR",,WESTLAKE,OH,44145,8557293939,Work,8558794949,2079,"Cancel, Change, EPCS, NewRx, RxFill",41.476362,-81.887171,3679860,Nationwide,https://ezscriptrx.com/
RX OUTREACH PHARMACY,73732,3171 RIVERPORT TECH CENTER DR,,MARYLAND HEIGHTS,MO,63043,8887961234,Work,8008756591,2071,"Cancel, Change, EPCS, NewRx",38.75308,-90.47146,2635855,Nationwide,https://rxoutreach.org/ https://rxoutreach.org/patient-assistance-program/
Frontier Therapies II - Optum,73736,"6425 Santa Margarita St., Unit 110",,Las Vegas,NV,89118,8557689727,Work,8669919929,2079,"Cancel, Change, EPCS, NewRx, RxFill",36.0846,-115.2132,2992750,Nationwide,https://specialty.optumrx.com/
MH AT CULVER DISPENSARY,74238,"121 N. TERRACE DR.,",,CULVER,IN,46511,5748428882,Work,5742174825,2079,"Cancel, Change, EPCS, NewRx, RxFill",41.22325,-86.40827,1564536,Indiana,https://www.mapquest.com/us/indiana/mh-at-culver-dispensary-426214343
Elixir Specialty Powered by Birdi,74390,7835 FREEDOM AVE NW,,NORTH CANTON,OH,44720,8774379012,Work,8773090687,2071,"Cancel, Change, EPCS, NewRx",40.894522,-81.429488,3679252,Nationwide,https://www.birdirx.com/specialty-pharmacy
Martins Point Mail Order Pharmacy,74576,"901 Washington Ave., PO Box 9746",,Portland,ME,4104,8007079853,Work,2078282483,2051,"EPCS, NewRx",43.68974,-70.27051,2007210,Nationwide,https://www.kp.org/wa/dop/static/pdf/provider-manual/pharmacy/partb-mailorder-pharm-list.pdf
Homescripts - AcariaHealth,75304,12968 Pauline Dr,,Shelby TWP,MI,48315,8882397690,Work,8773965970,2051,"EPCS, NewRx",42.664832,-83.000353,2374825,Nationwide,https://www.acariahealth.com/locations
Akina Pharmacy,76006,"23475 Rock Haven Way, Suite 105",,Sterling,VA,20166,5712675050,Work,5712675051,2071,"Cancel, Change, EPCS, NewRx",38.968867,-77.491208,4844824,"Alabama, Arizona, Colorado, Connecticut, Delaware, District of Columbia, Florida, Georgia, Idaho, Illinois, Indiana, Iowa, Kansas, Kentucky, Louisiana, Maine, Maryland, Massachusetts, Minnesota, Missouri, Montana, Nebraska, Nevada, New Hampshire, New Jersey, New Mexico, New York, North Carolina, North Dakota, Ohio, Oregon, Pennsylvania, Rhode Island, South Dakota, Tennessee, Texas, Utah, Virginia, Washington, West Virginia, Wisconsin, Wyoming",https://www.akinapharmacy.com/states-we-serve
CAREPLUS SPECIALTY PROGRAM,76252,105 Mall Boulevard,,Monroeville,PA,15146,8778495128,Work,8553301386,2071,"Cancel, Change, EPCS, NewRx",40.431316,-79.792003,9100354,Florida,https://www.careplushealthplans.com/
MEDS BY MAIL CHAMPVA,76663,5353 YELLOWSTONE RD,,CHEYENNE,WY,82009,8883850235,Work,3033701673,2071,"Cancel, Change, EPCS, NewRx",41.1688,-104.82696,5204437,Nationwide,https://www.va.gov/COMMUNITYCARE/docs/pubfiles/forms/10-7979a-f.pdf
Publix Compounding Pharmacy #3212,76726,"2424 Orlando Central Parkway, Suite 200",,Orlando,FL,32809,8772538949,Work,4079654390,2071,"Cancel, Change, EPCS, NewRx",28.463454,-81.414267,5716317,Florida,https://www.publix.com/pharmacy-wellness/pharmacy/compounding-pharmacy
Innovascript,77036,4145 Route 286 Highway W,,Indiana,PA,15701,8772615101,Work,8772240345,2071,"Cancel, Change, EPCS, NewRx",40.588935,-79.202454,3995000,Nationwide,https://innovascript.com/
Workers Comp - EXPRESS SCRIPTS,77180,4600 N Hanley Rd,,Saint Louis,MO,63134-2715,8009455951,Work,8888172095,2071,"Cancel, Change, EPCS, NewRx",38.724509,-90.315397,320301,Nationwide,https://www.mymatrixx.com/
PPC - ProCare Pharmacy Care (Mirama,77238,2850 N Commerce Parkway,,Miramar,FL,33025,8006620586,Work,8006620590,2071,"Cancel, Change, EPCS, NewRx",25.983162,-80.282377,1098121,Nationwide,https://procarerx.com/
Birdi (Home Delivery) Arizona,77874,8060 S Kyrene Road,,Tempe,AZ,85284,8558738739,Work,8887831773,2051,"EPCS, NewRx",33.343539,-111.946579,358603,Nationwide,https://www.birdirx.com/
Lumicera Health Services,78139,310 Integrity Drive,,Madison,WI,53717,8558473553,Work,8558473558,2055,"Change, EPCS, NewRx",43.0724,-89.5173,5133917,Nationwide,https://www.lumicera.com/news/lumicera-health-services-earns-nabp-accreditation-for-digital-pharmacy-practice/
"AcariaHealth Pharmacy #18, Inc.",78268,"260 FORDHAM RD STE E,",,WILMINGTON,MA,1887,8005115144,Work,8775411503,2051,"EPCS, NewRx",42.5649,-71.13866,2244553,Nationwide,https://www.acariahealth.com/locations
Medisuite,78331,160 MacGregor Pines Dr. Ste. 110,,Cary,NC,27511,9192006952,Work,9192006951,2079,"Cancel, Change, EPCS, NewRx, RxFill",35.743827,-78.817649,3463015,Licensed in 48 states (excluding Arkansas and Alabama) and the District of Columbia,https://www.bioscrip.com/wp-content/uploads/2021/08/Option-Care-Health-Reports-Second-Quarter-2021-Financial-Results.pdf
Enclara Pharmacia,78447,"512 Elmwood Ave, Suite 1",,Sharon Hill,PA,19079,8778827820,Work,2152821589,2051,"EPCS, NewRx",39.90808,-75.2613,3971579,Nationwide,https://www.enclarapharmacia.com/2020/03/enclara-pharmacia-prepared-to-support-hospice-partners-during-covid-19-pandemic/
"TRUAX PATIENT SERVICES, LLC",79223,1112 RAILROAD ST - STE #4,,BEMIDJI,MN,56601,8442893981,Work,2184442267,2071,"Cancel, Change, EPCS, NewRx",47.445278,-94.852417,2431461,"Minnesota, North Dakota","https://www.tps-rx.com/about-us/
https://www.bbb.org/us/mn/bemidji/profile/pharmacy-delivery/truax-patient-service-llc-0704-1000056111
https://www.tps-rx.com/
https://npiregistry.cms.hhs.gov/provider-view/1700149069"
Carlisle Medical Inc.,87110,501 Boulevard Park East,,Mobile,AL,36609,2513447988,Work,8554515140,2071,"Cancel, Change, EPCS, NewRx",30.66345,-88.16049,120434,Nationwide,"https://www.carlislemedical.com/
https://www.carlislemedical.com/contact/
https://www.carlislemedical.com/rx-refill/"
Prime Therapeutics Pharmacy (Specia,90878,6870 Shadowridge Dr Suite 111,,Orlando,FL,32812,8665542673,Work,8663642673,2055,"Change, EPCS, NewRx",28.46326,-81.316593,1001267,Nationwide,"https://www.primetherapeutics.com/24-hour-contact-center
https://www.myprime.com/pharmacies
https://www.horizonblue.com/about-us/our-company/our-health-care-partners/our-pharmacy-partner-prime-therapeutics
https://www.primetherapeutics.com/single-state-programs
https://pharmacy.primetherapeutics.com/en.html"
Optum Specialty All Sites,118456,1050 Patrol Road,,Jeffersonville,IN,47130-7750,8554274682,Work,8773424596,2067,"Cancel, EPCS, NewRx",38.385267,-85.682518,1564930,Nationwide,"https://www.optum.com/en/pharmacy-services/infusion-pharmacy/infusion-locations.html
https://specialty.optum.com/.html?cid=mvbrief_aaem/en/operations-technology/revenue-cycle-management.html/en/insights/c-suite.html
https://www.optum.com/en/pharmacy-services/specialty-pharmacy.html
https://www.optum.com/en/care/locations.html"
Belmar Pharmacy Wisconsin,176481,2 Marsh Court,,Madison,WI,53718,8002795708,Work,8002798011,2071,"Cancel, Change, EPCS, NewRx",43.052405,-89.287372,5117773,Nationwide,"https://www.belmarpharmasolutions.com/licensed-states/
https://www.belmarpharmasolutions.com/contact-us/
https://www.belmarpharmasolutions.com/"
ABSOLUTE PHARMACY,198810,16011 N NEBRASKA AVE,SUITE 103,LUTZ,FL,33549,8139992700,Work,8133246983,2079,"Cancel, Change, EPCS, NewRx, RxFill",28.098226,-82.451889,5721039,"Alaska, Arizona, Arkansas, California, Colorado, Connecticut, Delaware, District of Columbia, Florida, Georgia, Hawaii, Idaho, Illinois, Indiana, Iowa, Kansas, Kentucky, Louisiana, Maine, Maryland, Massachusetts, Michigan, Minnesota, Mississippi, Missouri, Montana, Nebraska, Nevada, New Hampshire, New Jersey, New Mexico, New York, North Carolina, North Dakota, Ohio, Oklahoma, Oregon, Pennsylvania, Rhode Island, South Carolina, South Dakota, Tennessee, Texas, Utah, Vermont, Virginia, Washington, West Virginia, Wisconsin, Wyoming","https://absoluterx.com/
https://absoluterx.com/contact
https://absoluterx.com/about-us
https://absoluterx.com/press/absolute-is-now-legit-script-certified"
CoverMyMeds Pharmacy (LVL),238355,5101 Jeff Commerce Dr Suite A,,Louisville,KY,40219,8884683802,Work,5023221010,2051,"EPCS, NewRx",38.153854,-85.668988,1827104,Nationwide,"https://www.mckesson.com/stories-insights/transforming-medication-access-via-covermymeds-dispensing-network/
https://www.covermymeds.health/our-solutions/pharmacy-operations
https://en.wikipedia.org/wiki/CoverMyMeds"
UpScript Pharmacy,238424,9826 S. Jordan Gateway,,Sandy,UT,84070,8552893552,Work,8339010116,2051,"EPCS, NewRx",40.57271,-111.90704,4612431,"Alabama, Alaska, Arizona, Arkansas, California, Colorado, Connecticut, Delaware, Florida, Georgia, Hawaii, Idaho, Illinois, Indiana, Iowa, Kansas, Kentucky, Louisiana, Maine, Maryland, Massachusetts, Michigan, Minnesota, Mississippi, Missouri, Montana, Nebraska, Nevada, New Hampshire, New Jersey, New Mexico, New York, North Dakota, Ohio, Oklahoma, Oregon, Pennsylvania, Rhode Island, South Carolina, South Dakota, Tennessee, Texas, Utah, Vermont, Virginia, Washington, West Virginia, Wisconsin, Wyoming","https://www.upscript.com/faqs
https://www.upscriptpharmacy.com/
https://www.upscriptpharmacy.com/terms-of-use/"
ADVENTHEALTH EXPEDIEN RX PHARMACY -,239579,5050 Wesley Road Suite 120,,Apopka,FL,32712,8554409068,Work,4078058545,2067,"Cancel, EPCS, NewRx",28.716111,-81.594006,5720001,Nationwide,"https://www.adventhealth.com/adventhealth-pharmacy-central-florida
https://www.fhcp.com/fhcp-locations/"
CCF SPECIALTY,239634,3175 Science Park Dr,AC4B-100,Beachwood,OH,44122,8442167732,Work,2164485603,2051,"EPCS, NewRx",41.470017,-81.490874,3682499,"Florida, Illinois, Indiana, Michigan, Nevada, New Jersey, New York, Ohio, Pennsylvania, Virginia, West Virginia, Wisconsin","https://my.clevelandclinic.org/departments/pharmacy/locations
https://students.pharmacy.pitt.edu/classof2019/wp-content/uploads/sites/27/2017/11/Cleveland-Clinic-APPE-Handout-Combined-2018-2019-AY.pdf
https://my.clevelandclinic.org/departments/pharmacy/services/specialty-pharmacy"
Northern Light Pharmacy Mail,240180,70 Bennett St,,Bangor,ME,04401-1802,2072753300,Work,2072753310,2071,"Cancel, Change, EPCS, NewRx",44.787947,-68.833626,2008868,Maine,https://northernlighthealth.org/Our-System/Northern-Light-Pharmacy/Locations
PRAXIS RX PHARMACY,240250,5455 W. WATERS,SUITE 214,TAMPA,FL,33634,8889037453,Work,8889582831,2051,"EPCS, NewRx",28.02668,-82.53495,5720708,Nationwide,"https://praxisrx.com/
https://praxisrx.com/about.html
https://npiregistry.cms.hhs.gov/provider-view/1114343084"
IU Health Advanced Therapies Pharma,240295,390 Airtech Pkwy Suite 106 A,,Plainfield,IN,46168,3179637100,Work,3179637119,2071,"Cancel, Change, EPCS, NewRx",39.718876,-86.34375,1565780,Indiana,"https://iuhealth.org/find-locations/iu-health-advanced-therapies-pharmacy-mail-order-specialty-services
https://iuhealth.org/find-medical-services/pharmacy
https://s3.amazonaws.com/myiuhealthplans.com/bg-images/2022_IU_Health_Plans_Pharmacy_List.pdf"
Kaiser Perm OR Mail Order Pharmacy,240649,5725 NE 138th Ave,,Portland,OR,97230,8005489809,Work,8666220247,2071,"Cancel, Change, EPCS, NewRx",45.56442,-122.52113,3812511,"Alabama, Alaska, Arizona, California, Colorado, Connecticut, Delaware, District of Columbia, Florida, Georgia, Hawaii, Idaho, Illinois, Indiana, Iowa, Kentucky, Maine, Maryland, Massachusetts, Michigan, Minnesota, Mississippi, Missouri, Montana, Nevada, New Hampshire, New Jersey, New Mexico, New York, North Dakota, Ohio, Oregon, Pennsylvania, Rhode Island, South Dakota, Tennessee, Texas, Utah, Vermont, Virginia, Washington, West Virginia, Wisconsin, Wyoming","https://healthy.kaiserpermanente.org/northern-california/learn/pharmacy/prescription-delivery
https://healthy.kaiserpermanente.org/learn/pharmacy/prescription-delivery"
Wells Pharmacy Network,240654,450 US Highway 51 Bypass North,,Dyersburg,TN,38024,7318827000,Work,7318827100,2051,"EPCS, NewRx",36.03936,-89.40925,4445272,"Alabama, Alaska, Arizona, Arkansas, Colorado, Connecticut, Delaware, Florida, Georgia, Hawaii, Idaho, Illinois, Indiana, Iowa, Kansas, Kentucky, Louisiana, Maine, Massachusetts, Michigan, Minnesota, Missouri, Montana, Nebraska, New Hampshire, New Jersey, New Mexico, New York, North Carolina, North Dakota, Ohio, Oklahoma, Oregon, Pennsylvania, Rhode Island, South Carolina, South Dakota, Tennessee, Texas, Utah, Vermont, Virginia, West Virginia, Wyoming","https://wellsrx.com/wp-content/uploads/docs/TN-503A-503B-Wells.pdf
https://wellsrx.com/about-wells-compounding-pharmacy
https://wellsrx.com/"
SelectRx (IN),240733,6810 Hillsdale Ct,,Indianapolis,IN,46250-2001,8778369925,Work,3179130930,2079,"Cancel, Change, EPCS, NewRx, RxFill",39.897119,-86.050149,1565843,"Alabama, Alaska, Arizona, California, Colorado, Connecticut, Delaware, District of Columbia, Florida, Georgia, Hawaii, Idaho, Illinois, Indiana, Iowa, Kansas, Kentucky, Louisiana, Maine, Maryland, Massachusetts, Michigan, Minnesota, Mississippi, Missouri, Montana, Nebraska, Nevada, New Hampshire, New Jersey, New Mexico, New York, North Carolina, North Dakota, Ohio, Oregon, Pennsylvania, Rhode Island, South Carolina, South Dakota, Tennessee, Texas, Utah, Vermont, Virginia, Washington, West Virginia, Wisconsin, Wyoming","https://www.selectrx.com/locations
https://ir.selectquote.com/news/news-details/2024/SelectQuotes-SelectRx-Pharmacy-to-Open-a-State-of-the-Art-Third-Fulfillment-Center-in-Olathe-Kansas-to-Support-Rapid-Growth/default.aspx"
RED CHIP OF NEVADA,241328,18009 Sky Park Cir,Ste F,Irvine,CA,92614-6516,9492239830,Work,9498617233,2071,"Cancel, Change, EPCS, NewRx",33.68776,-117.85686,5653197,"California, Nevada","https://bop.nv.gov/uploadedfiles/bopnvgov/content/Resources/ALL/06.15.18-PH.pdf
https://npiregistry.cms.hhs.gov/provider-view/1356746267"
HealthDyne Specialty Pharmacy,241760,500 EAGLES LANDING DRIVE,SUITE A,LAKELAND,FL,33810,8006418475,Work,8005308589,2051,"EPCS, NewRx",28.043786,-82.054464,5725354,Nationwide,"https://www.healthdyne.com/landing-page-pharmacy-outsourcing/
https://www.healthdyne.com/who-we-serve/
https://www.healthpartners.com/insurance/members/pharmacy/pharmacy-services/mail-order/"
myAbbVie Assist,241819,"D-617927, AP5 NE, 1 N. WAUKEGAN RD",,NORTH CHICAGO,IL,60064,8776600851,Work,8558270990,2051,"EPCS, NewRx",42.321,-87.8605,1466658,Nationwide,"https://www.abbvie.com/patients/patient-support/patient-assistance.html
https://www.abbvie.com/patients/patient-support/patient-assistance/patient-assistance-frequently-asked-questions.html"
ALLEGHENY HEALTH NTWK HOME INFUSION,242150,1305 S. MAIN STREET,,MEADVILLE,PA,16335,8556932286,Work,8887044877,2079,"Cancel, Change, EPCS, NewRx, RxFill",41.62764,-80.15396,3968647,"Delaware, Pennsylvania","https://ahnhme.org/
https://www.hmenews.com/article/hospital-system-buys-pittsburgh-home-infusion-pharmacy
https://usdigestivehealth.com/"
Kaiser Perm VA Sterling Mail Order,242216,22370 Davis Drive,Suite 190,Sterling,VA,20164,7034664900,Work,7034664901,2071,"Cancel, Change, EPCS, NewRx",38.997745,-77.42475,4844735,"District of Columbia, Maryland, Virginia","https://choiceproducts-midatlantic.kaiserpermanente.org/added-choice/member-information/pharmacy/
https://healthy.kaiserpermanente.org/maryland-virginia-washington-dc/learn/pharmacy"
ARx Patient Solutions Pharmacy,242574,4500 W. 107th St,,Overland Park,KS,66207,8669304146,Work,8669304147,2055,"Change, EPCS, NewRx",38.935336,-94.637697,1720677,Nationwide,"https://www.assistrx.com/about/contact-us/
https://lv.pharmacy.ok.gov/osbpinquire/PhrmcyDetail.asp?CountyAndLic=99%2D9670
https://search.sunbiz.org/Inquiry/CorporationSearch/SearchResults?InquiryType=EntityName&InquiryDirectionType=PreviousRecord&SearchTerm=ARXIUM%2CINC.&SearchNameOrder=ARXPAYMENTS%20P040000394651&ListNameOrder=ARXIUM%20F160000018530&Detail=FL.DOS.Corporations.Shared.Contracts.FilingRecord
https://npiregistry.cms.hhs.gov/provider-view/1528306297"
FLORIDA HEALTH CARE MAIL ORDER,243109,1510 Ridgewood Ave Suite 101,,Holly Hill,FL,32117,3866767126,Work,3866767165,2067,"Cancel, EPCS, NewRx",29.252981,-81.046117,5712129,Florida,"https://www.fhcp.com/fhcp-locations/
https://www.fhcp.com/fhcp-locations/florida-health-care-plans-11696-pharmacy-mail-or/"
Infuserve America Inc.,243444,11880 28th Street N,Suite 200,Saint Petersburg,FL,33716,7275737847,Work,7275730535,2071,"Cancel, Change, EPCS, NewRx",27.880251,-82.672578,1071492,Nationwide,"https://www.infuserveamerica.com/
https://www.infuserveamerica.com/practitioners"
AIS Healthcare,243871,623 Highland Colony Parkway,Suite 100,Ridgeland,MS,39157,8774434006,Work,8882982220,2077,"Cancel, Change, EPCS, NewRx, RxFill",32.418953,-90.156731,2531401,Nationwide,"https://aiscaregroup.com/tdd-pharmacy/
https://aiscaregroup.com/our-divisions/targeted-drug-delivery/"
CLEVELAND CLINIC HOME CARE SERVICES,244096,6801 BRECKSVILLE RD,SUITE 10,INDEPENDENCE,OH,44131,2166368700,Work,2166368875,2071,"Cancel, Change, EPCS, NewRx",41.378973,-81.640659,3656088,"Florida, Indiana, Kentucky, Michigan, New York, Ohio, Pennsylvania","https://my.clevelandclinic.org/departments/connected-care/services/home-infusion-pharmacy
https://my.clevelandclinic.org/departments/connected-care/services/home-care
https://my.clevelandclinic.org/locations/akron-general/specialties/connected-care"
Benecard Pharmacy,244229,5040 Ritter Road,PO Box 779,Mechanicsburg,PA,17055,8889070090,Work,8889070040,2071,"Cancel, Change, EPCS, NewRx",40.204197,-76.96352,3991913,Nationwide,"http://benecardpbf.com/wp-content/uploads/2025/04/Network-Pharmacy-Directory-20250403-1.pdf
https://benecardpbf.com/benecard-central-fill-mail-order-pharmacy-awarded-urac-accreditation-in-specialty-pharmacy/"
Minimed Distribution Corp.,244642,18302 Talavera Ridge,,San Antonio,TX,78257,8778916750,Work,8668743150,2051,"EPCS, NewRx",29.617362,-98.601647,5900990,Nationwide,"https://www.medtronicdiabetes.com/pharmacy-services
https://npiregistry.cms.hhs.gov/provider-view/1831418672
https://www.medtronic.com/en-us/our-company/locations.html"
Prime Therapeutics Pharmacy (Home D,244871,6870 Shadowridge Dr,Suite 111,Orlando,FL,32812,8004248274,Work,8882821349,2051,"EPCS, NewRx",28.46326,-81.316593,5727752,Nationwide,"https://www.primetherapeutics.com/24-hour-contact-center
https://www.myprime.com/pharmacies
https://www.horizonblue.com/about-us/our-company/our-health-care-partners/our-pharmacy-partner-prime-therapeutics
https://www.primetherapeutics.com/single-state-programs
https://pharmacy.primetherapeutics.com/en.html"
DeliverCareRx Hospice Pharmacy,244879,1471 E. Business Center Drive,Suite 200,Mt. Prospect,IL,60056,8662983914,Work,8662983025,2071,"Cancel, Change, EPCS, NewRx",42.077691,-87.913559,1491086,Nationwide,"https://www.delivercarerx.com/contact-us/
https://www.delivercarerx.com/leadership-team/
https://www.delivercarerx.com/hospice/"
GoGoMeds,245312,525 Alexandria Pike,Ste 100,Southgate,KY,41071,8887955826,Work,8889787947,2051,"EPCS, NewRx",39.064363,-84.462529,1834793,Nationwide,"https://www.gogomeds.com/GoGoClient/patients
https://gogomeds.com/GoGoClient/ms.medicine-landing"
HH Pharmacy St Clair Mail Order,245360,1963 S Memorial Parkway,Suite 15,Huntsville,AL,35801,2562653900,Work,8442131898,2067,"Cancel, EPCS, NewRx",34.721439,-86.59198,140537,"Alabama, Tennessee",https://www.huntsvillehospital.org/images/PDFs/Pharmacy-FAQs.pdf
ESSDS Pharmacy,245364,4600 N. Hanley Road,Ste B,St Louis,MO,63134,8557937737,Work,8773049042,2049,"EPCS, NewRx",38.72455,-90.315286,2633611,Nationwide,"https://www.express-scripts.com/
https://www.everydayhealth.com/diet-nutrition-products/glp-1s-online/"
Medminder Pharmacy,245407,320 Norwood Park South,,Norwood,MA,2062,8886336463,Work,8446336463,2055,"Change, EPCS, NewRx",42.168222,-71.201297,2245101,Nationwide,"https://www.prnewswire.com/il/news-releases/medminder-re-engineers-the-pharmacy-with-release-of-first-telemedicine-enabled-pill-dispenser-301090111.html
https://lighthouseai.com/case-study-medminder/"
Kaiser Perm CA SCAL Mail Order Phar,246589,9521 Dalen Street,,Downey,CA,90242,8662062986,Work,8776999454,2071,"Cancel, Change, EPCS, NewRx",33.915953,-118.128761,563951,"Alabama, Alaska, Arizona, California, Colorado, Connecticut, Delaware, District of Columbia, Florida, Georgia, Hawaii, Idaho, Illinois, Indiana, Iowa, Kentucky, Maine, Maryland, Massachusetts, Michigan, Minnesota, Mississippi, Missouri, Montana, Nevada, New Hampshire, New Jersey, New Mexico, New York, North Dakota, Ohio, Oregon, Pennsylvania, Rhode Island, South Dakota, Tennessee, Texas, Utah, Vermont, Virginia, Washington, West Virginia, Wisconsin, Wyoming",https://healthy.kaiserpermanente.org/learn/pharmacy/prescription-delivery
Prime Therapeutics Pharmacy (Home D,247207,2256 South 3600 West,,West Valley City,UT,84119,8552714810,Work,8886567762,2051,"EPCS, NewRx",40.722067,-111.977769,4613560,Nationwide,"https://www.primetherapeutics.com/
https://www.primetherapeutics.com/documents/d/primetherapeutics/commercial_d-0_payer_sheet_final_12-6-24"
Essentia-Mail/Central Fill Pharmacy,247322,204 Belknap St,Suite 300,Superior,WI,54880-5335,7158177146,Work,7158177144,2051,"EPCS, NewRx",46.714049,-92.077063,5135074,"Arizona, Florida, Idaho, Iowa, Michigan, Minnesota, New Mexico, North Dakota, South Dakota, Texas, Wisconsin, Wyoming",https://www.essentiahealth.org/services/pharmacy/get-your-prescription
PROPRIUM PHARMACY,247548,535 INDEPENDENCE PARKWAY,Suite 400,CHESAPEAKE,VA,23320,7575533568,Work,7578197827,2055,"Change, EPCS, NewRx",36.762546,-76.260799,4847301,Virginia,https://propriumpharmacy.com/frequently-asked-questions/
Amazon.com - Amazon Pharmacy Home D,247662,4500 S Pleasant Vly Rd Ste 201,,Austin,TX,78744-2911,8552063605,Work,5128845981,2071,"Cancel, Change, EPCS, NewRx",30.205919,-97.742201,5919177,Nationwide,https://pharmacy.amazon.com/
Allegheny Health Network Home Infus,247925,"""311 23rd St. Ext., # 500""",,Sharpsburg,PA,15215,4129679399,Work,4129670663,2079,"Cancel, Change, EPCS, NewRx, RxFill",40.497486,-79.910804,6003723,"Maryland, New York, Ohio, Pennsylvania, West Virginia",https://en.wikipedia.org/wiki/Allegheny_Health_Network
U of U Midvalley Mail Order/Special,247967,6056 Fashion Square Dr Suite 1000,,MURRAY,UT,84107,8012138650,Work,8012131321,2067,"Cancel, EPCS, NewRx",40.63994,-111.885047,4613522,"Idaho, Nevada, Utah, Wyoming",https://healthcare.utah.edu/pharmacy/specialty-pharmacy
Prime Therapeutics Pharmacy (Specia,247968,2256 S 3600 W,Suite B,Salt Lake City,UT,84119,8552714809,Work,8663642673,2055,"Change, EPCS, NewRx",40.722067,-111.977769,4613635,Nationwide,"https://www.primetherapeutics.com/specialtypharmacy
https://www.primetherapeutics.com/documents/d/primetherapeutics/commercial_d-0_payer_sheet_final_12-6-24"
Kaiser Perm CA NCAL Mail Order Phar,248234,300 Pullman St,,Livermore,CA,94551,8882186245,Work,9259607570,2071,"Cancel, Change, EPCS, NewRx",37.706875,-121.715875,573635,"Alabama, Alaska, Arizona, California, Colorado, Connecticut, Delaware, District of Columbia, Florida, Georgia, Hawaii, Idaho, Illinois, Indiana, Iowa, Kentucky, Maine, Maryland, Massachusetts, Michigan, Minnesota, Mississippi, Missouri, Montana, Nevada, New Hampshire, New Jersey, New Mexico, New York, North Dakota, Ohio, Oregon, Pennsylvania, Rhode Island, South Dakota, Tennessee, Texas, Utah, Vermont, Virginia, Washington, West Virginia, Wisconsin, Wyoming",https://healthy.kaiserpermanente.org/northern-california/learn/pharmacy/prescription-delivery
Apicha Community Health Pharmacy,248975,400 Broadway,,New York,NY,10013,2123347958,Work,2129257233,2067,"Cancel, EPCS, NewRx",40.718586,-74.002176,5816737,New York,https://www.apicha.org/locations/manhattan-clinic/
MH AT CENTIER DISPENSARY,249753,600 E 84TH STREET,SUITE 100,MERRILLVILLE,IN,46410,2198013921,Work,8662521755,2079,"Cancel, Change, EPCS, NewRx, RxFill",41.465898,-87.328628,1568104,Indiana,uploaded:active_epcs_mail_order_pharmacies_part_5.csv
MH AT VALPARAISO U DISPENSARY,249755,55 UNIVERSITY DRIVE,SUITE 102,VALPARAISO,IN,46383,8664343255,Work,8664220915,2079,"Cancel, Change, EPCS, NewRx, RxFill",41.467694,-87.042617,1568130,Indiana,uploaded:active_epcs_mail_order_pharmacies_part_5.csv
MH AT PLAINFIELD COMMONS DISPENSARY,249756,2685 E MAIN STREET,SUITE 101,PLAINFIELD,IN,46168,8664343255,Work,8552386032,2079,"Cancel, Change, EPCS, NewRx, RxFill",39.717969,-86.353083,1568154,Indiana,uploaded:active_epcs_mail_order_pharmacies_part_5.csv
MH AT WASHINGTON SQUARE DISPENSARY,249757,9934 E WASHINGTON STREET,,INDIANAPOLIS,IN,46229,8664343255,Work,8664220915,2079,"Cancel, Change, EPCS, NewRx, RxFill",39.775695,-85.991848,1568166,Indiana,uploaded:active_epcs_mail_order_pharmacies_part_5.csv
MH AT TRADERS POINT DISPENSARY,249758,5630 W 86TH STREET,SUITE 150,INDIANAPOLIS,IN,46278,8664343255,Work,8664220915,2079,"Cancel, Change, EPCS, NewRx, RxFill",39.912319,-86.260593,1568178,Indiana,uploaded:active_epcs_mail_order_pharmacies_part_5.csv
MH AT VALPARAISO DISPENSARY,249760,1105 CUMBERLAND CROSSING DRIVE,,VALPARAISO,IN,46383,2194404835,Work,8666996936,2079,"Cancel, Change, EPCS, NewRx, RxFill",41.49561,-87.047628,1568192,Indiana,uploaded:active_epcs_mail_order_pharmacies_part_5.csv
MH AT THE TOWER DISPENSARY,249761,ONE AMERICAN SQUARE,SUITE B110,INDIANAPOLIS,IN,46282,3175220844,Work,3172452308,2079,"Cancel, Change, EPCS, NewRx, RxFill",39.770739,-86.159765,1568205,Indiana,uploaded:active_epcs_mail_order_pharmacies_part_5.csv
MH AT PNC DISPENSARY,249763,155 W WASHINGTON,STE 155,INDIANAPOLIS,IN,46204,8664343255,Work,8664220915,2079,"Cancel, Change, EPCS, NewRx, RxFill",39.76684,-86.16063,1568229,Indiana,uploaded:active_epcs_mail_order_pharmacies_part_5.csv
MH AT GREENWOOD SPRINGS DISPENSARY,249764,1273 N EMERSON AVE,SUITE H,GREENWOOD,IN,46143,8664343255,Work,8552153153,2079,"Cancel, Change, EPCS, NewRx, RxFill",39.635551,-86.081909,1568231,Indiana,uploaded:active_epcs_mail_order_pharmacies_part_5.csv
MH AT AMC-LYTLE DISPENSARY,249765,220 VIRGINIA AVE,SUITE 1-1200,INDIANAPOLIS,IN,46204,8664343244,Work,8552150300,2079,"Cancel, Change, EPCS, NewRx, RxFill",39.763752,-86.150415,1568243,Indiana,uploaded:active_epcs_mail_order_pharmacies_part_5.csv
MH AT NORTHLAKE DISPENSARY,249768,10216 PERIMETER PKWY,UNIT C,CHARLOTTE,NC,28216,9802025537,Work,8552202083,2079,"Cancel, Change, EPCS, NewRx, RxFill",35.348277,-80.851407,3467063,North Carolina,uploaded:active_epcs_mail_order_pharmacies_part_5.csv
MH AT WILKINSON BLVD DISPENSARY,249769,4000 WILKINSON BLVD,SUITE A,CHARLOTTE,NC,28208,9802025536,Work,8664220915,2079,"Cancel, Change, EPCS, NewRx, RxFill",35.225507,-80.906908,3467087,North Carolina,uploaded:active_epcs_mail_order_pharmacies_part_5.csv
MH AT 4TH & MCDOWELL DISPENSARY,249770,901 E 4TH STREET,SUITE D,CHARLOTTE,NC,28204,9802025535,Work,8552153154,2079,"Cancel, Change, EPCS, NewRx, RxFill",35.219458,-80.835662,3467099,North Carolina,uploaded:active_epcs_mail_order_pharmacies_part_5.csv
MH AT TOWER PLACE DISPENSARY,249771,8700 PINEVILLE MATTHEWS RD,SUITE 350,CHARLOTTE,NC,28226,9802025577,Work,8664220915,2079,"Cancel, Change, EPCS, NewRx, RxFill",35.089825,-80.865334,3467102,North Carolina,uploaded:active_epcs_mail_order_pharmacies_part_5.csv
MH AT ALBEMARLE RD. DISPENSARY,249772,9020 ALBEMARLE RD,SUITE E,CHARLOTTE,NC,28227,8664513467,Work,8552155459,2079,"Cancel, Change, EPCS, NewRx, RxFill",35.210613,-80.690372,3467114,North Carolina,uploaded:active_epcs_mail_order_pharmacies_part_5.csv
MH AT HAYNES HLTH CNTR DISPENSARY,249800,527 E LINCOLN RD,,KOKOMO,IN,46902,8664343255,Work,8552202078,2079,"Cancel, Change, EPCS, NewRx, RxFill",40.454934,-86.123883,1568142,Indiana,uploaded:active_epcs_mail_order_pharmacies_part_5.csv
CLICKACLINIC.COM - LANTANA,249880,6252 S CONGRESS AVE,STE J1,LANTANA,FL,33462-2352,5612960892,Work,5612960901,2079,"Cancel, Change, EPCS, NewRx, RxFill",26.58437,-80.0919,5733882,Florida,"https://www.prnewswire.com/news-releases/clickaclinic-leads-telemedicine-trend-in-florida-300043544.html
https://saintpetersblog.com/category/apolitical/page/266/
https://www.imago-images.de/st/0064205544"
GEISINGER MAIL ORDER PHARMACY,249924,210 Industrial Park Rd,,Elysburg,PA,17824,8448785562,Work,5702213711,2067,"Cancel, EPCS, NewRx",40.852462,-76.570323,6004989,"Arizona, Connecticut, Delaware, Florida, Georgia, Indiana, Maine, Minnesota, New Hampshire, New Jersey, New York, North Carolina, Ohio, Pennsylvania, South Carolina, Vermont, Wisconsin","https://www.geisinger.org/pharmacy/mail-order-pharmacy
https://www.geisinger.org/health-plan/members/pharmacy/mail-order-pharmacy"
CHAMPVA MEDS-BY-MAIL EAST,250369,2103 Veterans Blvd,Ste 2,Dublin,GA,31021-7531,8662297389,Work,3033701673,2071,"Cancel, Change, EPCS, NewRx",32.5419,-82.9541,1162700,Nationwide,"https://www.va.gov/resources/meds-by-mail-for-champva-and-other-family-member-programs/
https://www.va.gov/COMMUNITYCARE/revenue-ops/FM-Care-Claims.asp"
MH AT MADISON DISPENSARY,250476,975 INDUSTRIAL DRIVE,SUITE 5,MADISON,IN,47250,8125743212,Work,8125743214,2079,"Cancel, Change, EPCS, NewRx, RxFill",38.776766,-85.410213,1568091,Indiana,uploaded:active_epcs_mail_order_pharmacies_part_6.csv
FH CENTRA CARE -SHAWNEE MISSION,251024,11245 SHAWNEE MISSION PKWY,,SHAWNEE MISSION,KS,66203,9132684455,Work,9132684493,2079,"Cancel, Change, EPCS, NewRx, RxFill",39.017221,-94.712245,1722227,Kansas,"https://www.adventhealth.com/hospital/adventhealth-shawnee-mission/outpatient-clinical-pharmacy-services
https://www.adventhealth.com/hospital/adventhealth-shawnee-mission/pharmacy-residency-program"
UW Health Pharmacy Services,251396,3185 Deming Way,,Middleton,WI,53562,8668943784,Work,6088909759,2067,"Cancel, EPCS, NewRx",43.107132,-89.52258,5135961,"Illinois, Wisconsin",https://www.uwhealth.org/
UVA SPECIALTY PHARMACY,251718,1725 Discovery Dr Ste 200,,Charlottesville,VA,22911,4342975500,Work,4342447505,2051,"EPCS, NewRx",38.149336,-78.442178,4848202,Virginia,"https://careers.uvahealth.org/us/en/job/R0073180/Ambulatory-Clinical-Pharmacist-UVA-Specialty-Pharmacy
https://jobs.virginia.edu/us/en/job/UOVUOVUSR0068923EXTERNALENUS/Specialty-Pharmacy-Technician"
Optum Home Delivery,251858,6800 W 115th Street,Ste 600,Overland Park,KS,66211-9838,8007917658,Work,8004917997,2071,"Cancel, Change, EPCS, NewRx",38.919116,-94.663107,1718634,Nationwide,"https://perks.optum.com/blog/optum-home-delivery
https://www.optum.com/en/pharmacy-services/medication-delivery.html"
BAPTIST MAIL ORDER PHARMACY,252690,6027 Walnut Grove Suite 110,,Memphis,TN,38120,8337213900,Work,8337213901,2067,"Cancel, EPCS, NewRx",35.129429,-89.859955,4450754,"Mississippi, Tennessee",https://www.baptistonline.org/locations/specialty-facilities/baptist-mail-order-pharmacy
CCF COMPLIANCE PKG-INTERNAL USE,253522,3175 Science Park Dr,AC4B-100,Beachwood,OH,44122,8333271462,Work,2164485619,2051,"EPCS, NewRx",41.470017,-81.490874,3685320,Ohio,"https://my.clevelandclinic.org/departments/pharmacy/services/pharmacy
https://www.metrohealth.org/pharmacy/home-delivery"
Honeybee Health,254295,3515 Helms Avenue,,Culver City,CA,90232,8334663979,Work,3105595933,2071,"Cancel, Change, EPCS, NewRx",34.026835,-118.383623,5664455,Nationwide,"https://honeybeehealth.com/
https://partners.honeybeehealth.com/"
Kaiser Perm Nat'l Specialty Pharm,254682,4131 Geary Blvd,1st Fl Rm 112,San Francisco,CA,94118,8774045777,Work,6503015790,2049,"EPCS, NewRx",37.77937,-122.463943,5660990,California,https://healthy.kaiserpermanente.org/content/dam/kporg/final/documents/directories/regional-directories/medicare/2024/pharmacy-directory-ca.pdf
MERCY COMPOUNDING AND HOME INFUSION,254851,3183 Riverport Tech Center Dr.,,Maryland Heights,MO,63043,3145066050,Work,3145066284,2067,"Cancel, EPCS, NewRx",38.753415,-90.472276,2644450,Missouri,"https://www.mercy.net/practice/mercy-compounding-and-home-infusion-pharmacy-riverport/
https://www.mercy.net/service/home-infusion/"
Publix Specialty Pharmacy #3213,254935,"1950 Sand Lake Rd, Bldg #5",,Orlando,FL,32809,8557978254,Work,8443856856,2071,"Cancel, Change, EPCS, NewRx",28.448644,-81.406522,5736915,"Alabama, Florida, Georgia, Kentucky, North Carolina, South Carolina, Tennessee, Virginia",https://www.businesswire.com/news/home/20240625930497/en/Publix-Pharmacy-is-now-connecting-customers-with-a-virtual-care-service
Maxor-MXP Mailorder Pharmacy,254973,416 S. Tyler,,Amarillo,TX,79101,8006878629,Work,8665897656,2067,"Cancel, EPCS, NewRx",35.20919,-101.838406,5923190,Nationwide,"https://www.usfhpnw.org/pharmacy/faq
https://www.maxor.com/maxorplus/members/faqs/"
MH AT FISHERS DISPENSARY,255045,12734 PARKSIDE DRIVE,,FISHERS,IN,46038-2801,8664343255,Work,8446756719,2079,"Cancel, Change, EPCS, NewRx, RxFill",39.97345,-86.002958,1569079,Indiana,uploaded:active_epcs_mail_order_pharmacies_part_6.csv
KYB HEALTH AND WELLNESS CLINIC,255174,2621 N MORTON ST,,FRANKLIN,IN,46131-8820,8664343255,Work,8442977072,2079,"Cancel, Change, EPCS, NewRx, RxFill",39.510357,-86.071288,1569093,Indiana,uploaded:active_epcs_mail_order_pharmacies_part_6.csv
Vivo Health Pharmacy at Home,255645,225 Community Dr,Ste 140,Great Neck,NY,11021-5506,8338688486,Work,5162665332,2079,"Cancel, Change, EPCS, NewRx, RxFill",40.7798,-73.7033,5822108,"Alaska, Arizona, Colorado, Connecticut, Delaware, Florida, Georgia, Hawaii, Illinois, Indiana, Iowa, Maine, Missouri, Montana, Nevada, New Hampshire, New Jersey, New Mexico, New York, Ohio, Pennsylvania, Rhode Island, South Dakota, Vermont, Washington DC",https://app.author2024.prod.vivo.common.azure.reingoldms.com/prescriptions-resources/faq/
CommonSpirit Pharmacy - Mountain Re,255743,2551 W. 84th Ave,,Westminster,CO,80031,8777757863,Work,3034262365,2067,"Cancel, EPCS, NewRx",39.851197,-105.018826,625864,"Colorado, Kansas, Utah","https://www.ziprecruiter.com/c/CommonSpirit-Health-Mountain-Region/Job/Pharmacy-Tech-Certified-Outpatient/-in-Denver,CO?jid=bca2867f7f09e48e
https://www.ziprecruiter.com/c/CommonSpirit-Health-Mountain-Region/Job/Pharmacy-Tech-Certified-Inpatient/-in-Colorado-Springs,CO?jid=41f3e241c0d72e59"
Rosemont Specialty Pharmacy (Mail O,256477,1727 Orlando Central Pkwy,,Orlando,FL,32809,8775927988,Work,8007870874,2079,"Cancel, Change, EPCS, NewRx, RxFill",28.464054,-81.399894,5733591,Florida,"https://www.rosemontspecialtyrx.com/contact-rosemont-pharmacy/
https://www.rosemontspecialtyrx.com/who-we-serve/patients/"
MH AT FINISH LINE DISPENSARY,256704,3308 N MITTFOEFFER RD,,INDIANAPOLIS,IN,46235,8664343255,Work,8554054141,2079,"Cancel, Change, EPCS, NewRx, RxFill",39.8334,-85.9837,1569459,Indiana,uploaded:active_epcs_mail_order_pharmacies_part_6.csv
MH AT SPRINGDALE TWN CTR DISPENSARY,257069,11568 SPRINGFIELD PIKE,,SPRINGDALE,OH,45246-3527,5139640830,Work,8554054081,2079,"Cancel, Change, EPCS, NewRx, RxFill",39.286069,-84.485113,3686598,Ohio,uploaded:active_epcs_mail_order_pharmacies_part_6.csv
MH AT KINGS MILLS DISPENSARY,257070,2188 KINGS MILLS RD,,MASON,OH,45040-2400,5139640832,Work,8554054089,2079,"Cancel, Change, EPCS, NewRx, RxFill",39.357328,-84.300073,3686601,Ohio,uploaded:active_epcs_mail_order_pharmacies_part_6.csv
TRU MEDS RX,257401,3545 CHAIN BRIDGE ROAD,SUITE 102,FAIRFAX,VA,22030,5717324633,Work,5717324643,2079,"Cancel, Change, EPCS, NewRx, RxFill",38.860764,-77.306335,4850271,Licensed in 48 States,https://trumedsrx.com/
MH AT MORGAN FOODS DISPENSARY,257612,46 UNION AVE,,AUSTIN,IN,47102-1344,8664343255,Work,8552141016,2079,"Cancel, Change, EPCS, NewRx, RxFill",38.745204,-85.805248,1569675,Indiana,uploaded:active_epcs_mail_order_pharmacies_part_6.csv
MetroHealth Specialty/Mail Order Ph,257771,9885 Rockside Rd Ste 157,,Valley View,OH,44125-6272,2169576337,Work,2169574760,2067,"Cancel, EPCS, NewRx",41.393858,-81.615636,3682526,Ohio,https://www.metrohealth.org/pharmacy/home-delivery
DeliverCareRx Florida Hospice,257841,6015 Benjamin Road,Suite 302,Tampa,FL,33634,8442988889,Work,8445817716,2071,"Cancel, Change, EPCS, NewRx",28.003274,-82.539429,5740560,Nationwide,"https://www.delivercarerx.com/category/press-release/
https://www.delivercarerx.com/uncategorized/delivercarerx-announces-grand-opening-of-new-hospice-pharmacy-in-tampa-florida/"
Long Term Only Healthy Solutions,258177,600 E Judge Perez Drive,,Chalmette,LA,70043,5046050646,Work,5043091147,2055,"Change, EPCS, NewRx",29.940375,-89.958519,1941675,Louisiana,https://healsolrx.com/
MH AT FOURTH & MAIN DISPENSARY,258211,220 E 4TH ST,,CINCINNATI,OH,45202-4102,5139640830,Work,8554127814,2079,"Cancel, Change, EPCS, NewRx, RxFill",39.100704,-84.508736,3686916,Ohio,uploaded:active_epcs_mail_order_pharmacies_part_6.csv
CarelonRx Specialty,258303,9310 Southpark Center Loop,,Orlando,FL,32819,8332621726,Work,8332632871,2071,"Cancel, Change, EPCS, NewRx",28.432687,-81.425611,1002295,Nationwide,"https://www.carelonrx.com/pharmacy-tools
https://www.carelonrx.com/content/dam/digital/docs/carelon-rx/PERFORMANCECRX.pdf"
OSRX,258305,1120 KENSINGTON AVE STE E,,MISSOULA,MT,59801,8554661076,Work,4065416267,2071,"Cancel, Change, EPCS, NewRx",46.853555,-114.016065,2784418,"Alabama, Alaska, Arizona, Arkansas, California, Colorado, Connecticut, Delaware, District of Columbia, Florida, Georgia, Hawaii, Idaho, Illinois, Indiana, Iowa, Kansas, Kentucky, Louisiana, Maine, Maryland, Massachusetts, Michigan, Minnesota, Mississippi, Missouri, Montana, Nebraska, Nevada, New Hampshire, New Jersey, New Mexico, New York, North Carolina, North Dakota, Ohio, Oklahoma, Oregon, Pennsylvania, Rhode Island, South Carolina, South Dakota, Tennessee, Texas, Utah, Vermont, Virginia, Washington, West Virginia, Wisconsin, Wyoming","https://osrxpharmaceuticals.com/get-started-osrx/
https://osrxpharmaceuticals.com/account/"
Deliver My Meds,258698,380 Oser ave,,Hauppauge,NY,11788,6313236337,Work,8333296979,2079,"Cancel, Change, EPCS, NewRx, RxFill",40.817318,-73.26432,5827970,Nationwide,https://delivermymeds.com/
Scriptco Pharmacy,259369,6916 Woodway Dr,,Woodway,TX,76712,2543007366,Work,2544249800,2063,"Change, EPCS, NewRx, RxFill",31.507414,-97.196416,5929116,"Alabama, Alaska, Arizona, Arkansas, California, Colorado, Connecticut, Delaware, District of Columbia, Florida, Georgia, Hawaii, Idaho, Illinois, Indiana, Iowa, Kansas, Kentucky, Louisiana, Maine, Maryland, Massachusetts, Michigan, Minnesota, Mississippi, Missouri, Montana, Nebraska, Nevada, New Hampshire, New Jersey, New Mexico, New York, North Carolina, North Dakota, Ohio, Oklahoma, Oregon, Pennsylvania, Rhode Island, South Carolina, South Dakota, Tennessee, Texas, Utah, Vermont, Virginia, Washington, West Virginia, Wisconsin, Wyoming",https://scriptco.com/licensed-states/
Mission Pharmacy Employee Mail Orde,259414,400 Ridgefield Ct Ste 106,,Asheville,NC,28806-2213,8282577057,Work,8282577059,2079,"Cancel, Change, EPCS, NewRx, RxFill",35.522198,-82.597664,3471377,North Carolina,https://www.missionhealth.org/patient-resources/pharmacy-services
UCMC Pharmacy Services,259555,1551 Huntington Drive,,Calumet City,IL,60409,7738347002,Work,7737956237,2067,"Cancel, EPCS, NewRx",41.589071,-87.564007,1495200,Illinois,"https://www.uchicagomedicine.org/patients-visitors/patient-information/pharmacy
https://idfpr.illinois.gov/checklicense.html"
COSTCO PHARMACY MAIL ORDER #1348,259557,260 Logistics Ave,Ste B,Jeffersonville,IN,47130-4672,8006076861,Work,8772589584,2055,"Change, EPCS, NewRx",38.381996,-85.683037,1569954,Nationwide,https://www.costco.com/wcsstore/CostcoUSBCCatalogAssetStore/rx/WebPatientBrochure.pdf
MH AT GREEN TOWNSHIP DISPENSARY,259893,6355 HARRISON AVE,STE 8,CINCINNATI,OH,45247-7818,5134476370,Work,8553064969,2079,"Cancel, Change, EPCS, NewRx, RxFill",39.187824,-84.65522,3687487,Ohio,"https://en.wikipedia.org/wiki/Mercy_Health_(Ohio_and_Kentucky
https://www.wkyc.com/article/news/local/ohio/recreational-marijuana-ohio-dispensaries-certificates-of-operation-division-cannabis-control/95-de4dad85-8b07-4b51-bff1-b909f6c609d5"
Contract Pharmacy Services/Correcti,259920,125 Titus Ave,,Warrington,PA,18976,2674878900,Work,8006545063,2067,"Cancel, EPCS, NewRx",40.218111,-75.143884,3997927,Nationwide (contingent on contracts with local providers),"https://www.hrsa.gov/opa/implementation-contract
https://www.340bhealth.org/members/340b-program/key-terms/"
MH AT WILMINGTON AIR DISPENSARY,259920,1175 AIRPORT RD,STE 1261,WILMINGTON,OH,45177-8904,9379801105,Work,8554617823,2079,"Cancel, Change, EPCS, NewRx, RxFill",39.429747,-83.785597,3687514,Ohio,"https://weedmaps.com/dispensaries/in/united-states/ohio/wilmington
https://en.wikipedia.org/wiki/Mercy_Health_(Ohio_and_Kentucky"
BlinkRx PGH,260153,5 Penn Center West,Suite 200,Pittsburgh,PA,15276,8449630320,Work,8663477092,2067,"Cancel, EPCS, NewRx",40.430718,-80.123972,6008925,Nationwide,https://www.everydayhealth.com/online-pharmacies/blink-health-review/
AURORA COMPOUNDING PHARMACY #1143,260225,N93W14575 Whittaker Way,#201,Menomonee Falls,WI,53051,8337452436,Work,2622506910,2067,"Cancel, EPCS, NewRx",43.18767,-88.091156,5137446,"Alabama, Alaska, Arizona, Colorado, Connecticut, Delaware, Florida, Georgia, Hawaii, Idaho, Illinois, Indiana, Iowa, Kansas, Kentucky, Louisiana, Maine, Maryland, Massachusetts, Michigan, Minnesota, Mississippi, Missouri, Montana, Nebraska, Nevada, New Hampshire, New Jersey, New Mexico, New York, North Carolina, North Dakota, Ohio, Oklahoma, Oregon, Pennsylvania, Rhode Island, South Carolina, South Dakota, Tennessee, Texas, Utah, Vermont, Virginia, Washington, West Virginia, Wisconsin, Wyoming",https://apps.aurora.org/apsr/nonPortalRequest/refillHome
Avera Home Infusion,260358,1020 S Cliff Ave,,Sioux Falls,SD,57104,6053228322,Work,6053228317,2079,"Cancel, Change, EPCS, NewRx, RxFill",43.537397,-96.710973,4304971,"Iowa, Minnesota, Nebraska, North Dakota, South Dakota","https://www.avera.org/
https://www.avera.org/services/home-health/"
"An I.V., LLC",260476,4565 Shelby Rd,,Millington,TN,38053,9018722648,Work,9018732650,2079,"Cancel, Change, EPCS, NewRx, RxFill",35.34552,-89.910914,4443658,"Arkansas, Mississippi, Tennessee","https://www.statesystemsinc.com/memphis-office/
https://shelbycountytn.gov/DocumentCenter/View/32453"
ADVENT HEALTH CENTRA CARE - MALABAR,261217,730 MALABAR RD,STE B,MALABAR,FL,32950-3140,3215490696,Work,3214096821,2079,"Cancel, Change, EPCS, NewRx, RxFill",28.000166,-80.608811,5744378,Nationwide,https://centracare.adventhealth.com/urgent-care
MH AT AMC-NORFOLK DISPENSARY,261335,5800 NORTHAMPTON BLVD,,NORFOLK,VA,23502-5513,8664343255,Work,8339052594,2079,"Cancel, Change, EPCS, NewRx, RxFill",36.877983,-76.203097,4851095,Virginia,"https://www.tricare.mil/GettingCare/FindDoctor/MTF/Facilities/Branch-Health-Clinic-Naval-Station-Norfolk
https://en.wikipedia.org/wiki/Mercy_Health_(Ohio_and_Kentucky"
DeliverCareRx Pharmacy LLC-New Jers,261750,1460 Grandview Ave,Ste 4,West Deptford,NJ,8066,8333186291,Work,8333186292,2071,"Cancel, Change, EPCS, NewRx",39.833186,-75.203648,3157167,Nationwide,"https://www.wayup.com/i-j-DELIVERCARERX-PHARMACY-LLC-717766951750397/
https://www.delivercarerx.com/hospice/"
OptiMed Mail Order,262209,6480 Technology Ave,Ste A,Kalamazoo,MI,49009,2692508000,Work,2692508020,2071,"Cancel, Change, EPCS, NewRx",42.247936,-85.676681,2388266,Nationwide,https://www.optimedhealth.com/services/enhanced-services/
MH AT SYCAMORE COMMONS DISPENSARY,262593,2335 MATTHEWS TOWNSHIP PKWY,STE 101,MATTHEWS,NC,28105-2403,8664343255,Work,8556607763,2079,"Cancel, Change, EPCS, NewRx, RxFill",35.129552,-80.701909,3472393,North Carolina,"http://www.shopsycamorecommons.com/
https://en.wikipedia.org/wiki/Mercy_Health_(Ohio_and_Kentucky"
DeliverCareRx Livermore,262632,3095 Independence Drive,Ste A,Livermore,CA,94551,8442980673,Work,8442980673,2071,"Cancel, Change, EPCS, NewRx",37.7072,-121.8123,5672440,Nationwide,"https://www.delivercarerx.com/hospice/
https://www.delivercarerx.com/enigma-slider/hospice-portal/"
MEP WELLNESS CENTER (PRIVATE),262805,2350 N SHADELAND AVE,,INDIANAPOLIS,IN,46219,3175593695,Work,8333030153,2079,"Cancel, Change, EPCS, NewRx, RxFill",39.801268,-86.046779,1570868,Indiana,https://mytrimmd.com/wellness-center-med-spa-in-indianapolis-indiana/
T+REX MEDICAL CENTER (PRIVATE),262806,6125 INWOOD DR,,COLUMBUS,IN,47201,8126480016,Work,8339632211,2079,"Cancel, Change, EPCS, NewRx, RxFill",39.142375,-85.951316,1570870,Indiana,https://www.waze.com/live-map/directions/t+rex-health-center-and-pharmacy-inwood-dr-6125-columbus?to=place.w.179569031.1796017994.5666598
Accredo Honolulu,262919,"677 Ala Moana Blvd., Ste 404",,Honolulu,HI,96813,8086506488,Work,8086506487,2065,"Cancel, EPCS, NewRx",21.29748,-157.86232,1242293,Nationwide,https://www.accredo.com/node/1262
MH AT PARKWAY CENTRE DISPENSARY,263089,4152 BUCKEYE PKWY,,GROVE CITY,OH,43123-8175,8664343255,Work,8336060118,2079,"Cancel, Change, EPCS, NewRx, RxFill",39.876202,-83.039695,3688542,Ohio,"https://theorywellness.org/ohio-dispensary/grove-city-dispensary/
https://en.wikipedia.org/wiki/Mercy_Health_(Ohio_and_Kentucky"
MIDFIRST BANK EMPLOYEE HEALTH CTR,263157,171 NW 56TH ST,,OKLAHOMA CITY,OK,73118,4058328060,Work,4058328061,2079,"Cancel, Change, EPCS, NewRx, RxFill",35.5164,-97.532,3731090,Oklahoma,https://www.midfirst.com/career-center/employee-benefits
MH-BAE SYSTEMS INTEG HEALTH CLINIC,263158,4509 W STONE DRIVE,BUILDING 140,KINGSPORT,TN,37660,4235786342,Work,4235786340,2079,"Cancel, Change, EPCS, NewRx, RxFill",36.559661,-82.5605,4453445,Tennessee,"https://marathon.health/blog/news-driving-employee-wellness
https://www.tn.gov/content/dam/tn/health/documents/healthy-places/hpw/TDH_HPW_HW_BAE_Holston_case_study_2017.pdf"
RAYMOND JAMES,263163,880 CARILLON PARKWAY,,ST. PETERSBURG,FL,33716,7275672160,Work,7275672161,2079,"Cancel, Change, EPCS, NewRx, RxFill",27.892266,-82.668334,5746334,Florida,https://www.raymondjames.com/tampabay/st_petersburg_downtown.htm
SHEETZ AT ALTOONA,263168,5700 6TH AVENUE,,ALTOONA,PA,16602,8149415225,Work,8042040706,2079,"Cancel, Change, EPCS, NewRx, RxFill",40.473299,-78.424933,6010007,"Maryland, Michigan, North Carolina, Ohio, Pennsylvania, Virginia, West Virginia",https://orders.sheetz.com/findASheetz
SHEETZ AT CLAYBURG,263169,350 SHEETZ WAY,,CLAYBURG,PA,16625,8142391516,Work,8142040706,2079,"Cancel, Change, EPCS, NewRx, RxFill",40.274788,-78.472816,6010019,"Maryland, Michigan, North Carolina, Ohio, Pennsylvania, Virginia, West Virginia",https://orders.sheetz.com/findASheetz
Synchrony Rx at Home,263636,2700 Stanley Gault Pkwy,Ste 127,Louisville,KY,40223,8662901480,Work,5002305533,2071,"Cancel, Change, EPCS, NewRx",38.276211,-85.518227,1839034,"Florida, Indiana, Iowa, Kentucky, Michigan, North Carolina, Ohio, Wisconsin","https://synchronyhs.com/contact/
https://synchronypharmacy.com/"
CONNECT PHARMACEUTICALS,263888,"44 N Fisher Park Way, Eagle",,IDAHO,ID,83616,2085930133,Work,8669228196,2055,"Change, EPCS, NewRx",43.696322,-116.395199,1310351,Idaho,https://connectrx.health/
WB Rx Express,263965,1998 State St.,,Washington,IN,47501,8126421044,Work,8558993925,2079,"Cancel, Change, EPCS, NewRx, RxFill",38.655615,-87.154012,1570971,"Information not publicly available; website states service to ""most of the U.S.""",https://wbrxexpress.com/mail-order/
Ascension Rx 1001 - Home Delivery,264159,7701 Metropolis Drive,Suite 200 B,Austin,TX,78744,8336337279,Work,8333470798,2071,"Cancel, Change, EPCS, NewRx",30.205292,-97.693652,5934268,"Alabama, Alaska, Arizona, Colorado, Connecticut, Delaware, Florida, Georgia, Hawaii, Idaho, Illinois, Indiana, Iowa, Kansas, Kentucky, Louisiana, Maine, Maryland, Massachusetts, Michigan, Minnesota, Mississippi, Missouri, Montana, Nebraska, Nevada, New Hampshire, New Jersey, New Mexico, New York, North Carolina, North Dakota, Ohio, Oklahoma, Oregon, Pennsylvania, Rhode Island, South Carolina, South Dakota, Tennessee, Texas, Utah, Vermont, Virginia, Washington, Washington DC, West Virginia, Wisconsin, Wyoming",https://healthcare.ascension.org/ascensionrxtransfer/form
Hy-Vee Mail Order Pharmacy,264211,4707 Fleur Drive,,Des Moines,IA,50321,8667949833,Work,8333989612,2071,"Cancel, Change, EPCS, NewRx",41.54215,-93.643437,1626475,All states except Alabama and California,https://www.vividclearrx.com/mail-order
PRECISION TELEMEDICINE PHARMACY F,264313,3999 N Dixie Hwy,,Boca Raton,FL,33431,9545102890,Work,9549060761,2079,"Cancel, Change, EPCS, NewRx, RxFill",26.385466,-80.082116,5748023,"Arizona, Arkansas, California, Colorado, Connecticut, Delaware, District of Columbia, Florida, Georgia, Idaho, Illinois, Indiana, Iowa, Kansas, Kentucky, Louisiana, Maine, Maryland, Massachusetts, Michigan, Minnesota, Mississippi, Missouri, Montana, Nebraska, Nevada, New Hampshire, New Jersey, New Mexico, New York, North Carolina, North Dakota, Ohio, Oklahoma, Oregon, Pennsylvania, Rhode Island, South Carolina, South Dakota, Tennessee, Texas, Utah, Vermont, Virginia, Washington, West Virginia, Wisconsin, Wyoming",https://mypcphealth.com/states-we-serve/
BlinkRx U.S.,264909,12639 W Explorer Dr Suite 100,,Boise,ID,83713,8449262480,Work,8665854631,2071,"Cancel, Change, EPCS, NewRx",43.662385,-116.339817,1310488,Nationwide,https://ccevent.site/wp-content/uploads/2024/08/Provider-Flyer-LODOCO-v3-copy.pdf
RedboxRx,264984,4707 Fleur Dr,,Des Moines,IA,50321,8447332697,Work,8333989619,2071,"Cancel, Change, EPCS, NewRx",41.54215,-93.643437,1626879,Nationwide,https://www.redboxrx.com/about/faq
PRECISION TELEMEDICINE PHARMACY N,265585,2657 Merrick Rd.,,Bellmore,NY,11710,5168336262,Work,5162220605,2079,"Cancel, Change, EPCS, NewRx, RxFill",40.663598,-73.527283,5834711,"Arizona, Arkansas, California, Colorado, Connecticut, Delaware, District of Columbia, Florida, Georgia, Idaho, Illinois, Indiana, Iowa, Kansas, Kentucky, Louisiana, Maine, Maryland, Massachusetts, Michigan, Minnesota, Mississippi, Missouri, Montana, Nebraska, Nevada, New Hampshire, New Jersey, New Mexico, New York, North Carolina, North Dakota, Ohio, Oklahoma, Oregon, Pennsylvania, Rhode Island, South Carolina, South Dakota, Tennessee, Texas, Utah, Vermont, Virginia, Washington, West Virginia, Wisconsin, Wyoming",https://mypcphealth.com/states-we-serve/
Sharp Specialty Pharmacy (SSP),265639,3558 Ruffin Road South Ste 101,,San Diego,CA,92123,8586275644,Work,8586362236,2067,"Cancel, EPCS, NewRx",32.808252,-117.130176,5643259,"Nationwide (via CVS Caremark partnership); in-store pickup restrictions in Arkansas, Oklahoma, and West Virginia","https://www.sharphealthplan.com/search-drug-list/specialty-drugs, https://www.calpers.ca.gov/members/health-benefits/plans-and-rates/cvs-caremark-pharmacy-benefits"
Wegmans Specialty Pharmacy #198,266014,2873 BROADWAY ST,Suite 100,Cheektowaga,NY,14227,8668895660,Work,8333021423,2071,"Cancel, Change, EPCS, NewRx",42.90155,-78.77042,5807574,Nationwide and Puerto Rico,https://www.wegmans.com/pharmacy/specialty-pharmacy
SSM Health Specialty Pharmacy WI,266540,310 Integrity Drive,,Madison,WI,53717,8558473553,Work,8558473558,2055,"Change, EPCS, NewRx",43.0724,-89.5173,5137737,Continental U.S.,https://www.deancare.com/Members/Pharmacy-Benefits/SSM-Health-Pharmacy-(1
University of Iowa Community HomeCa,266979,2949 Sierra Ct SW,,Iowa City,IA,52240-8503,3193378522,Work,3193378524,2079,"Cancel, Change, EPCS, NewRx, RxFill",41.629194,-91.56903,1619886,"Illinois, Iowa, Missouri","https://uihc.org/home-care-options-and-ui-community-homecare, https://www.johnsoncountyiowa.gov/livable-communities-service/ui-community-homecare"
Elevation Pharmacy,267023,"""1212 US Highway 1, Suite A&C""",,North Palm Beach,FL,33408,8003259210,Work,8003259210,2071,"Cancel, Change, EPCS, NewRx",26.835611,-80.059349,5751070,Information not publicly available,https://elevationpharmacy.com/
DH PHARMACY BY MAIL - DH REFERRAL R,267142,"""500 Quivas Street, Suite A""",NOT A PICKUP LOCATION,Denver,CO,80204,3034364488,Work,3036022335,2067,"Cancel, EPCS, NewRx",39.723466,-105.006735,4108003,Colorado,https://www.denverhealth.org/-/media/files/departments-services/pharmacy/specialtypharmacywelcomepacket-03
SSM Health Specialty Pharmacy STL,267189,3662 Park Ave,Suite 155,St.\nLouis,MO,63110,8333542223,Work,8333542219,2055,"Change, EPCS, NewRx",38.620775,-90.241132,2647848,Continental U.S.,https://www.deancare.com/Members/Pharmacy-Benefits/SSM-Health-Pharmacy-(1
Ivation Pharmacy LLC,267257,305 N Heatherwilde Blvd,,Pflugerville,TX,78660,8442241101,Work,8666765890,2051,"EPCS, NewRx",30.449592,-97.63758,4937288,Information not publicly available,https://npiregistry.cms.hhs.gov/provider-view/1457084253
Curative Pharmacy Texas,267442,"""2800 Longhorn Blvd, Suite 102""",,Austin,TX,78758,8334287284,Work,8774535797,2071,"Cancel, Change, EPCS, NewRx",30.381693,-97.727106,5937125,"Florida, Indiana, Texas, Wyoming",https://assets.ctfassets.net/sa71woberbfe/7aLteS2Ox5T4x60AkdyU9m/8de6f3a1843834c2ad2a33d80bf27472/Member_Pharmacy_One-Pager_23Oct_V2.pdf
Humana Pharmacy Mail Delivery (Now,267513,9843 WINDISCH RD,,WEST CHESTER,OH,45069,8009679830,Work,8772105324,2071,"Cancel, Change, EPCS, NewRx",39.307478,-84.434208,3677068,Nationwide and U.S. Territories,https://www.centerwellpharmacy.com/articles/frequently-asked-questions-about-covid-19.html
Humana Specialty Pharmacy (Now Cent,267514,9843 Windisch Rd,,West Chester,OH,45069,8004862668,Work,8774057940,2051,"EPCS, NewRx",39.307478,-84.434208,3688287,Nationwide and U.S. Territories,https://www.centerwellpharmacy.com/articles/frequently-asked-questions-about-covid-19.html
Specialty by Birdi,268070,8060 S Kyrene Rd,,Tempe,AZ,85284,8335460799,Work,8335460795,2071,"Cancel, Change, EPCS, NewRx",33.343539,-111.946579,365595,Nationwide,https://www.birdirx.com/specialty/for-patients/ohio
BioClinical Infusion Services,268127,9275 Medical Plaza Drive,Suite E,North Charleston,SC,29406,8437973636,Work,8432773625,2071,"Cancel, Change, EPCS, NewRx",32.974215,-80.073489,4237435,Information not publicly available,https://npiregistry.cms.hhs.gov/provider-view/1578161345
"""RPC2B, LLC""",268637,61 E Willow St,,Millburn,NJ,7041,8888522287,Work,9733277256,2071,"Cancel, Change, EPCS, NewRx",40.716141,-74.302585,3159541,"Hawaii, New Jersey, Oklahoma","https://rpc2b.com/rpc2b-about-us, https://lv.pharmacy.ok.gov/PhrmcyDetail.asp?CountyAndLic=99%2D9369"
"""Diabetic Equipment and Supplies, LL""",268918,3100 SE Grimes Blvd,Ste 600,Grimes,IA,50111,5154783600,Work,5154783601,2079,"Cancel, Change, EPCS, NewRx, RxFill",41.662785,-93.776966,1626576,Information not publicly available; website states service to 26 states,https://www.diabeticequip.com/
Scripts Rx - Mail Order,269256,7515 Main Street,Suite 180,Houston,TX,77030,8002664907,Work,8779923831,2071,"Cancel, Change, EPCS, NewRx",29.698719,-95.41045,5938444,Nationwide,https://www.express-scripts.com/rx
Tandem Access Support,269483,1020 W. Main Street #100C,,Boise,ID,83702,2082540154,Work,2082132108,2071,"Cancel, Change, EPCS, NewRx",43.617419,-116.20635,1310844,Nationwide (as a non-dispensing prescription support service),"https://withtandem.com/, https://elion.health/products/tandem"
UMH SPECIALTY HOME DELIVERY PHARMAC,270049,7300 W JOY RD,,DEXTER,MI,48130,8552763002,Work,7342323408,2067,"Cancel, EPCS, NewRx",42.342985,-83.875109,2391681,"Arizona, Colorado, Connecticut, Florida, Georgia, Idaho, Illinois, Indiana, Iowa, Maine, Michigan, Minnesota, Missouri, Montana, New Hampshire, New Jersey, New Mexico, North Carolina, North Dakota, Ohio, Pennsylvania, Rhode Island, South Dakota, Texas, Utah, Vermont, Virginia, Washington, Wisconsin, Wyoming",https://specialty-pharmacy.uofmhealth.org/about-us/states-we-ship
OSF Specialty Pharmacy,270161,5901 W War Memorial Dr,Ste 100,Peoria,IL,61615-9255,8333542220,Work,8333542221,2055,"Change, EPCS, NewRx",40.781766,-89.686641,1498535,"Illinois, Michigan","https://www.osfhealthcare.org/services/specialties/home-care/about/contact, https://www.osfhealthcare.org/"
Hackensack Meridian at Home Infusio,270228,80 Industrial Road,Suite G,Lodi,NJ,7644,9737857350,Work,9737857351,2079,"Cancel, Change, EPCS, NewRx, RxFill",40.884467,-74.075596,3156292,New Jersey,https://www.hackensackmeridianhealth.org/en/services/home-health-care-service/home-infusion-therapy
Hackensack Meridian at Home Infusio,270229,34 Industrial Way East,Suite 7A,Eatontown,NJ,7724,7328977830,Work,7328977831,2079,"Cancel, Change, EPCS, NewRx, RxFill",40.280042,-74.041069,3192921,New Jersey,https://www.hackensackmeridianhealth.org/en/services/home-health-care-service/home-infusion-therapy
Lumicera Health Services,270706,4 Technology Dr.,Ste.\n100,Irvine,CA,92618,8332105964,Work,8332105968,2055,"Change, EPCS, NewRx",33.649059,-117.734968,5681730,Nationwide,"https://www.lumicera.com/contact-us/, https://www.lumicera.com/about-us/"
"""CarelonRx Pharmacy, Inc.""",270820,4821 N Stone Avenue Suite C,,Tucson,AZ,85704,8333960309,Work,8333894172,2071,"Cancel, Change, EPCS, NewRx",32.29443,-110.972153,366054,Nationwide,"https://www.carelonrx.com/pharmacy-tools, https://www.carelonrx.com/content/dam/digital/carelon/crx-assets/documents/BaseCentralCRx_9302024.pdf"
LillyDirect Pharmacy Solutions,270842,17877 Chesterfield Airport Rd.,,Chesterfield,MO,63005,8335891607,Work,8664498449,2079,"Cancel, Change, EPCS, NewRx, RxFill",38.669755,-90.629894,2648698,Nationwide,"https://lillydirect.lilly.com/pharmacy/
https://lillydirect.lilly.com/faq"
THE PHARMACY HUB LLC,271328,15600 NW 15TH AVE,STE C,MIAMI,FL,33169-5609,8889581382,Work,3055482454,2079,"Cancel, Change, EPCS, NewRx, RxFill",25.917254,-80.226482,5756917,Nationwide,https://thepharmacyhub.com/pharmacy/
Curative Pharmacy Florida,271504,"6706 Benjamin Road, Suite 300",,Tampa,FL,33634,8556064600,Work,8552090561,2071,"Cancel, Change, EPCS, NewRx",28.008186,-82.543396,5757072,"Florida, Georgia, Texas","https://curative.com/curative-pharmacy
https://curative.com/provider-resources"
KAISER PERM COLORADO MAIL ORDER PHA,271698,2715 Naches Ave SW,,Renton,WA,98057,8665236059,Work,8776267035,2071,"Cancel, Change, EPCS, NewRx",47.455645,-122.238948,4941438,"All states except Arkansas, Kansas, Louisiana, Nebraska, North Carolina, Oklahoma, or South Carolina",https://healthy.kaiserpermanente.org/colorado/learn/pharmacy/prescription-delivery
TMH SPECIALTY PHARMACY,271714,1401 Miccosukee Rd,STE 100-B,TALLAHASSEE,FL,32308,4482092012,Work,4482092013,2067,"Cancel, EPCS, NewRx",30.455343,-84.261949,5757262,Florida,https://www.tmh.org/location/pharmacy-at-tmh
Eisai Patient Support Pharmacy,271858,2730 S Edmonds Lane #400A,,Lewisville,TX,75067,8666134724,Work,8552465192,2067,"Cancel, EPCS, NewRx",32.994633,-97.006986,5942176,Nationwide,https://www.eisaipatientsupport.com/
Costco Specialty #1710,272051,310 Integrity Drive,Suite 105,Madison,WI,53717,8552130070,Work,8552130125,2055,"Change, EPCS, NewRx",43.0724,-89.5173,5139464,Nationwide,"https://rx.costco.com/
https://help.costcopharmacy.com/deliveryAndPickupOptions/"
DeliverCareRx NEW JERSEY IN Patient,272263,1460 Grandview Rd,Ste 4,West Deptford,NJ,8066,8333186291,Work,8333162365,2049,"EPCS, NewRx",39.833186,-75.203648,3161217,Nationwide,"https://www.delivercarerx.com/hospice/
https://www.delivercarerx.com/author/delivercarerx/"
DeliverCareRx IPU-Hospice in Patien,272314,1471 E Business Center Dr,Ste 200,Mount Prospect,IL,60056,8559656160,Work,8662983410,2053,"Change, EPCS, NewRx",42.077699,-87.913565,1499979,Nationwide,"https://www.delivercarerx.com/hospice/
https://www.delivercarerx.com/author/delivercarerx/"
NOBLE GOUVERNEUR HEALTH SERVICES,272353,31 EAST MAIN ST,,GOUVERNEUR,NY,13642,8882521497,Work,6806392733,2071,"Cancel, Change, EPCS, NewRx",44.335616,-75.468548,5841259,Nationwide,"https://www.noblehealthservices.com/noble/manufacturers/
https://www.noblehealthservices.com/about/"
Reliable Diabetes Care and Medical,1954909,1504 Boston Providence Tpke,Ste 21,Norwood,MA,02062-4645,7815513335,Work,7819878206,2079,"Cancel, Change, EPCS, NewRx, RxFill",42.161247,-71.198685,2249717,Nationwide,https://reliablediabetescare.com/
Musely Compounding Pharmacy,1954928,2225 S. 3200 W.,,West Valley City,UT,84119,8664315469,Work,8014567861,2071,"Cancel, Change, EPCS, NewRx",40.722536,-111.967056,4615881,Nationwide,"https://www.musely.com/tips/How-To-Order-FaceRx-Treatments/30758095
https://support.musely.com/hc/en-us/articles/360051152173-Is-FaceRx-available-worldwide"
Reliable Diabetes Care,1955076,345 Nutmeg Rd S STE A-2,,South Windsor,CT,6074,7815513335,Work,7819878206,2079,"Cancel, Change, EPCS, NewRx, RxFill",41.83014,-72.600053,727593,Nationwide,https://reliablediabetescare.com/
Reliable Diabetes Care,1955077,311 Darling Avenue,,South Portland,ME,4106,7815513335,Work,7819878206,2079,"Cancel, Change, EPCS, NewRx, RxFill",43.6316,-70.2756,2010510,Nationwide,https://reliablediabetescare.com/
Reliable Diabetes Care,1955078,416 Daniel Webster Hwy STE T,,Merrimack,NH,3054,7815513335,Work,7819878206,2079,"Cancel, Change, EPCS, NewRx, RxFill",42.859085,-71.49223,3062332,Nationwide,https://reliablediabetescare.com/
Reliable Diabetes Care,1955082,400 Warwick Ave,,Warwick,RI,2888,7815513335,Work,7819878206,2079,"Cancel, Change, EPCS, NewRx, RxFill",41.764805,-71.404671,4108862,Nationwide,https://reliablediabetescare.com/
Reliable Diabetes Care,1955083,183 Commerce St,,Williston,VT,5495,7815513335,Work,7819878206,2079,"Cancel, Change, EPCS, NewRx, RxFill",44.45065,-73.120836,4705539,Nationwide,https://reliablediabetescare.com/
Reliable Diabetes Care,1955084,222 Holiday Dr STE 8,,White River Junction,VT,5001,7816613335,Work,7819878206,2079,"Cancel, Change, EPCS, NewRx, RxFill",43.641758,-72.333778,4705541,Nationwide,https://reliablediabetescare.com/
"LifeMD Pharmacy Services, LLC",1955127,499 Running Pump Rd. Ste. 106,,Lancaster,PA,17601,8005012975,Work,7179025382,2079,"Cancel, Change, EPCS, NewRx, RxFill",40.052308,-76.374222,6014396,Nationwide,https://lifemd.com/about/
MERCY SPECIALTY PHARMACY,1955182,3183 Riverport Tech Center Dr.,,Maryland Heights,MO,63043,3142515478,Work,3142516996,2067,"Cancel, EPCS, NewRx",38.753415,-90.472276,2649107,"Arkansas, Missouri, Oklahoma","https://www.mercy.net/practice/mercy-specialty-pharmacy-riverport/
https://www.mercyoptions.net/provider-and-payor-networks/providers/provider-contracting-news/"
Mark Cuban Cost Plus Drugs Company,1955423,500 Eagles Landing Drive,STE C,Lakeland,FL,33810,8339263384,Work,8009039516,2051,"EPCS, NewRx",28.043786,-82.054464,5755167,Nationwide,"https://en.wikipedia.org/wiki/Cost_Plus_Drugs
https://costplusdrugs.com/faq"
Generation Pharmacy,1955434,12203 W Pico Blvd,,Los Angeles,CA,90064,4242281049,Work,4242391081,2071,"Cancel, Change, EPCS, NewRx",34.028874,-118.45182,5685271,California,https://generationpharm.com/
NovoCare Pharmacy,1955519,"2400 Sand Lake Road, Suite 200B",,Orlando,FL,32809,8339495527,Work,8339470246,2071,"Cancel, Change, EPCS, NewRx",28.449023,-81.413534,5758074,Nationwide,"https://www.novocare.com/obesity/products/wegovy/get-product.html
https://www.centerwellpharmacy.com/articles/frequently-asked-questions-about-covid-19.html"
NOBLE HEALTH SERVICES (NC),1955550,311 POMONA DR,SUITE C1,GREENSBORO,NC,17742,8887433204,Work,6806392733,2071,"Cancel, Change, EPCS, NewRx",36.065694,-79.865302,3477026,Nationwide,"https://www.noblehealthservices.com/noble/manufacturers/
https://www.noblehealthservices.com/about/"
READING HOSPITAL BERKSHIRE PHARMACY,1955650,1170 Berkshire Blvd,Suite 100,Wyomissing,PA,19610,4846596380,Work,4847503703,2067,"Cancel, EPCS, NewRx",40.341348,-75.977146,6013445,Pennsylvania,https://towerhealth.org/services/pharmacy
Saint Francis Specialty Pharmacy,1955683,211 Saint Francis Drive,Suite 01512,CAPE GIRARDEAU,MO,63703,8552130007,Work,8552130052,2055,"Change, EPCS, NewRx",37.304165,-89.569842,2649006,"Illinois, Missouri","https://www.sfmc.net/service/other-services/pharmacy/
https://www.sfmc.net/service/specialty-pharmacy/"
Cadre Labs,1955864,1911 Church Street,,Nashville,TN,37203,8554422373,Work,8666369422,2071,"Cancel, Change, EPCS, NewRx",36.153828,-86.799386,4456934,Information Unavailable,https://npiregistry.cms.hhs.gov/provider-view/1700606639
ProModRx,1955866,2850 North Commerce Parkway,,Miramar,FL,33025,8553058500,Work,8332207665,2071,"Cancel, Change, EPCS, NewRx",25.983162,-80.282377,5759913,Nationwide,https://www.promodrx.com/about-us
Eastern MedTech,1955915,227 South Street Suite 1,,Walpole,MA,2081,8574000044,Work,8662035459,2079,"Cancel, Change, EPCS, NewRx, RxFill",42.133776,-71.253884,2249731,Information Unavailable,https://easternmedtech.com/
Temple Health Infusion Pharmacy,1956170,2301 E Allegheny Ave,,Philadelphia,PA,19134,2159263355,Work,2158570465,2079,"Cancel, Change, EPCS, NewRx, RxFill",39.989712,-75.105927,6014194,Pennsylvania,"https://www.templehealth.org/services/temple-health-specialty-pharmacy
https://prescriberpoint.com/therapies/siliq-1a550c3/pharmacies/temple-health%C2%A0specialty-pharmacy"